Nation,Year,Divorces,Birth_Rate,N_repro_female,F_Employment_Rate,F_Mean_Income,F_Median_Income,Fertility_Rate,Gdp,Employment_Gender_Gap,Closing_Housing_Price,M_Employment_Rate,M_Mean_Income,M_Median_Income,Marriages,Mean_Age_Childbearing,Population,Demand_For_Family,AVG_female_population,AVG_population_male,percentage_female_work_home,percentage_male_work_home,consumer_price_harmonized_index,F_mean_age_marriage,senior_position_woman,tertiary_ed_f,tertiary_ed_m,parliament_female,Perc_female_married_in_repro_age,Tot_f_married_in_repro_age
AT,2009,18806.0,9.155,2039346,68.2,22660.0,20471.0,1.39,288044.0,10.5,,78.7,24033.0,21705.0,35469.0,29.634,8343323,77.4,4281755,4061568,19.5,22.6,88.6425,,7.0,22.5,19.6,26.7,56.245471858951,1147039
AT,2010,17474.0,9.346,2030068,68.8,23489.0,21165.0,1.44,295896.6,10.2,78.84,79.0,24988.0,22322.0,37545.0,29.798,8363404,77.8,4290868,4072536,19.8,23.5,90.14416666666666,,8.7,22.6,18.7,29.4,56.3098281991424,1143127
AT,2011,17295.0,9.294,2020019,69.2,23870.0,21498.0,1.43,310128.7,10.0,83.06,79.2,25236.0,22778.0,36426.0,29.976,8391643,78.1,4303135,4088508,20.6,23.6,93.345,30.3,11.1,22.4,19.5,28.6,56.4187383141341,1139669
AT,2012,17006.0,9.324,2011347,69.6,24338.0,21912.0,1.44,318653.0,9.7,88.0,79.3,26024.0,23480.0,38592.0,30.138,8429991,78.3,4319108,4110883,20.1,23.9,95.74583333333334,30.6,11.9,24.3,21.3,29.0,56.5396993820001,1137209
AT,2013,15958.0,9.332,2003924,70.0,24441.0,22167.0,1.44,323910.2,9.1,91.68,79.1,25908.0,23588.0,36140.0,30.274,8479823,78.0,4340343,4139481,20.3,23.2,97.77333333333333,30.7,12.6,26.6,23.3,32.1,56.6438619346856,1135099
AT,2014,16647.0,9.517,1997761,70.1,26210.0,23509.0,1.46,333146.1,8.2,96.14,78.3,27700.0,24639.0,37458.0,30.382,8546356,77.7,4368488,4177868,20.6,23.3,99.20166666666668,30.9,17.1,,,30.3,56.7819378523391,1134367
AT,2015,16351.0,9.728,1996932,70.2,25888.0,23421.0,1.49,344269.2,8.2,100.61,78.4,27606.0,24826.0,44502.0,30.521,8642699,77.5,4406224,4236475,20.7,23.8,100.0,31.2,20.0,41.5,35.8,30.5,56.9539829240252,1137332
AT,2016,15919.0,9.975,1994812,70.9,26044.0,23905.0,1.53,357608.0,7.8,108.0,78.7,27615.0,25021.0,44890.0,30.599,8736668,77.8,4444171,4292497,20.8,23.6,100.97083333333336,31.3,18.1,43.2,36.2,30.7,57.0873963008088,1138786
AT,2017,16180.0,9.925,1985690,71.4,27705.0,24948.0,1.52,369361.9,8.0,112.65,79.4,29162.0,26265.0,44981.0,30.697,8797566,78.2,4472087,4325480,20.7,23.0,103.22333333333334,31.5,19.2,44.4,36.4,32.0,57.3434172024315,1138662
AT,2018,16304.0,9.666,1972821,71.7,27850.0,25369.0,1.47,385274.1,9.0,121.15,80.7,29458.0,26900.0,46468.0,30.823,8840521,78.7,4492746,4347776,20.5,23.2,105.41166666666668,31.7,26.1,44.9,36.1,36.5,57.5646620185517,1135647
AT,2019,16319.0,9.565,1959555,72.4,28852.0,25945.0,1.46,397147.2,8.8,128.74,81.2,30101.0,27173.0,46034.0,30.941,8879920,79.1,4512017,4367903,21.0,23.3,106.98333333333332,32.0,31.3,45.9,37.4,38.9,57.7918897026012,1132463
AT,2020,14870.0,9.367,1945229,70.6,29739.0,26886.0,1.44,380888.5,8.4,138.71,79.0,31059.0,27946.0,39662.0,30.945,8916864,79.3,4529002,4387862,29.1,29.9,108.46833333333332,,31.5,45.7,37.3,39.8,57.9702770441526,1127654
AT,2021,,9.498,1928854,71.3,30231.0,27591.0,1.48,405241.4,8.6,157.34,79.9,31228.0,28627.0,,30.917,8955797,79.4,4544578,4411219,28.7,28.7,111.39090909090908,,34.6,,,41.6,58.2230432609469,1123037
AT,2022,,9.451,1913602,73.4,30947.0,28095.0,1.41,447217.6,7.8,166.32,81.2,32216.0,29145.0,,31.029,9041851,79.6,4586701,4455150,27.9,27.8,121.06666666666666,,33.2,47.6,38.7,41.4,58.4571247863764,1118636
BE,2009,32606.0,11.758,2505811,61.0,20724.0,18923.0,1.84,346472.8,12.2,89.77,73.2,22037.0,20082.0,43303.0,29.605,10796493,73.7,5506057,5290436,16.9,19.3,89.9925,,7.6,48.7,36.3,39.8,59.2359938560812,1484342
BE,2010,28903.0,11.85,2505511,61.6,21153.0,18995.0,1.86,363140.1,11.9,92.65,73.5,22247.0,20308.0,42159.0,29.73,10895586,74.1,5554358,5341228,17.9,20.4,92.0925,,10.5,49.4,38.2,38.8,58.0756096723761,1455090
BE,2011,27522.0,11.575,2505394,61.5,21471.0,19433.0,1.81,375967.8,11.5,95.79,73.0,22431.0,20679.0,41001.0,29.834,11038264,74.4,5617261,5421003,18.7,22.1,95.18,,10.9,48.4,36.5,39.3,56.9422960602933,1426628
BE,2012,26145.0,11.438,2505390,61.7,21564.0,19653.0,1.8,386174.7,11.0,97.43,72.7,22666.0,21061.0,42198.0,29.973,11106932,74.6,5650360,5456572,18.9,22.0,97.67916666666667,,12.9,50.1,35.9,40.1,55.5150231161957,1390867
BE,2013,24872.0,11.185,2504458,62.1,22885.0,20878.0,1.76,392880.0,10.2,98.53,72.3,24207.0,22548.0,37854.0,30.133,11159407,74.8,5676083,5483324,19.5,22.7,98.89833333333333,,16.7,49.4,35.9,39.7,54.1195710425805,1355401
BE,2014,24310.0,11.071,2501532,62.9,23114.0,21080.0,1.74,403003.3,8.7,99.2,71.6,24392.0,22490.0,39878.0,30.257,11209057,74.8,5700127,5508930,21.0,23.6,99.38333333333333,,22.4,,,41.1,52.7582985220345,1319765
BE,2015,24667.0,10.811,2499509,63.0,23179.0,21084.0,1.7,416701.4,8.3,101.43,71.3,24868.0,22688.0,45005.0,30.361,11274196,74.7,5727530,5546666,21.1,23.3,99.99916666666668,,26.0,49.2,37.1,41.4,51.4213045147988,1285280
BE,2016,23583.0,10.72,2499678,63.0,23595.0,21408.0,1.68,430085.3,9.3,103.9,72.3,25294.0,23056.0,44725.0,30.458,11331422,74.6,5752154,5579268,21.8,23.5,101.76916666666666,,28.6,50.8,37.8,41.6,50.1587783868912,1253807
BE,2017,23068.0,10.505,2500900,63.6,23883.0,21862.0,1.65,445050.1,9.8,107.14,73.4,25427.0,23530.0,44329.0,30.61,11375158,74.5,5773413,5601745,22.7,24.1,104.03249999999998,31.2,30.7,,,40.7,48.9993188376117,1225423
BE,2018,23135.0,10.336,2502894,65.5,24757.0,22953.0,1.62,460050.8,8.4,110.06,73.9,26197.0,24455.0,45059.0,30.726,11427054,74.4,5797532,5629522,21.8,23.5,106.43666666666668,,32.0,54.2,40.6,39.5,47.93354151527,1199725
BE,2019,22435.0,10.114,2505653,66.5,25901.0,23921.0,1.6,478676.2,8.0,114.72,74.5,27509.0,25348.0,44281.0,30.811,11488980,74.4,5825954,5663026,24.5,24.9,107.76583333333332,,35.9,54.6,39.9,42.4,46.897058569591,1175077
BE,2020,21313.0,9.961,2508853,65.6,27147.0,24970.0,1.55,460535.2,8.1,121.45,73.7,28939.0,26513.0,32802.0,30.796,11538604,74.3,5847754,5690850,34.5,33.1,108.22666666666667,32.0,38.4,56.2,40.8,43.3,45.8779350556891,1151009
BE,2021,22172.0,10.051,2512787,66.8,27278.0,25268.0,1.6,508061.2,7.7,128.62,74.5,28809.0,26751.0,40845.0,30.778,11586195,74.4,5869136,5717060,41.9,38.4,111.65636363636364,32.2,37.9,,,43.8,44.9093964264219,1128477
BE,2022,19363.0,10.048,2513916,68.1,29121.0,26651.0,1.53,554213.7,7.6,134.55,75.7,30407.0,27903.0,48513.0,30.867,11680210,74.5,5915314,5764896,37.5,33.9,123.25916666666666,32.7,39.3,58.6,44.1,43.8,44.0031861485838,1106203
BG,2009,11662.0,10.865,1769048,63.6,3227.0,2757.0,1.66,37417.7,9.3,109.58,72.9,3404.0,2937.0,25923.0,26.618,7444443,86.9,3819536,3624907,2.2,1.3,93.81333333333332,,17.2,35.2,19.2,21.7,60.9411110544253,1078077
BG,2010,11012.0,10.329,1737249,60.3,3491.0,2960.0,1.57,38290.0,7.5,104.15,67.8,3622.0,3155.0,24286.0,27.053,7395599,86.9,3794157,3601442,2.2,1.5,96.66416666666667,,11.2,,,22.1,60.738992712546,1055187
BG,2011,10581.0,9.768,1703377,59.4,3434.0,2869.0,1.51,41479.9,5.8,98.1,65.2,3558.0,3052.0,21448.0,27.136,7348328,86.8,3770481,3577847,2.1,1.4,99.9375,26.6,15.2,,,22.1,60.5465155641028,1031335
BG,2012,11947.0,9.5,1669608,59.8,3276.0,2807.0,1.5,42255.3,5.2,96.82,65.0,3423.0,3000.0,21167.0,27.146,7305888,86.9,3749968,3555920,2.3,1.5,102.32666666666668,,11.6,34.0,20.9,23.0,60.3205684671486,1007117
BG,2013,10908.0,9.226,1636623,60.2,3563.0,2919.0,1.48,42056.2,5.4,95.66,65.6,3637.0,3067.0,21943.0,27.197,7265115,86.9,3730106,3535009,1.9,1.3,102.72083333333336,26.7,16.7,37.7,22.0,24.6,60.2198353962755,985571
BG,2014,10584.0,9.338,1607295,61.5,3929.0,3340.0,1.53,43024.7,5.8,98.32,67.3,4095.0,3463.0,24596.0,27.349,7223938,86.9,3710458,3513480,1.5,1.3,101.07666666666668,26.9,17.6,,,20.4,60.1249757908916,966385
BG,2015,10483.0,9.209,1582844,63.3,3975.0,3253.0,1.53,45797.8,6.3,102.23,69.6,4293.0,3520.0,27720.0,27.507,7177991,86.9,3688395,3489596,1.1,0.9,99.99833333333332,27.0,19.0,39.6,24.6,19.6,59.8917717650646,947993
BG,2016,10603.0,9.11,1561011,63.6,3858.0,3107.0,1.54,48752.1,6.8,110.52,70.4,4073.0,3327.0,26803.0,27.612,7127822,86.9,3664244,3463578,1.4,0.9,98.67583333333332,27.1,15.3,39.8,26.1,19.2,59.6485961741197,931121
BG,2017,10411.0,9.005,1539511,66.8,4546.0,3516.0,1.56,52501.8,7.6,119.53,74.4,4835.0,3788.0,28593.0,27.672,7075947,86.9,3639753,3436194,1.1,0.8,99.84833333333334,27.3,17.1,40.4,26.8,25.9,59.4901835377838,915857
BG,2018,10596.0,8.82,1513033,67.8,4554.0,3516.0,1.56,56199.8,7.7,126.15,75.5,4873.0,3773.0,28961.0,27.727,7025037,86.9,3615982,3409055,1.2,0.7,102.47583333333334,27.5,14.5,41.1,27.3,25.4,59.2563552963201,896568
BG,2019,10859.0,8.733,1481844,70.2,5366.0,4114.0,1.58,61530.8,8.1,133.99,78.3,5891.0,4473.0,29198.0,27.788,6975761,86.9,3593087,3382674,1.1,1.1,104.99416666666669,27.8,18.5,39.4,26.4,27.1,58.9216239207211,873126
BG,2020,9015.0,8.56,1452645,68.5,5859.0,4510.0,1.56,61607.7,8.3,141.23,76.8,6202.0,4856.0,22172.0,27.681,6934015,86.9,3574335,3359681,3.9,2.2,106.27416666666666,28.1,12.9,39.1,27.2,27.1,58.5752348111793,850890
BG,2021,10021.0,8.435,1426626,68.9,6664.0,5050.0,1.58,71060.1,8.4,154.48,77.3,6915.0,5377.0,26620.0,27.707,6877743,86.9,3547230,3330513,7.8,5.4,109.2381818181818,28.3,21.7,,,24.6,58.1866455996186,830105
BG,2022,9525.0,8.352,1405396,72.1,6643.0,5218.0,1.65,85800.7,7.5,175.14,79.6,7221.0,5773.0,26013.0,27.83,6643324,86.8,3437917,3205407,5.3,3.7,123.52416666666666,,14.8,,,23.8,57.7789462185563,812022
HR,2009,5076.0,10.492,1012680,58.0,,,1.58,45697.4,12.5,114.28,70.5,,,22382.0,28.932,4306322,78.2,2230613,2075709,3.3,3.2,91.555,,15.0,26.4,16.3,23.5,58.4623890648634,592036
HR,2010,5058.0,10.201,1000351,56.4,6556.0,5767.0,1.55,45875.5,11.5,109.8,67.9,6804.0,6029.0,21294.0,29.158,4296352,78.2,2224651,2071702,3.3,3.1,92.54666666666668,,15.6,,,24.8,57.7950884124504,578153
HR,2011,5662.0,9.743,987772,53.6,6158.0,5488.0,1.48,45674.2,12.5,111.99,66.1,6432.0,5762.0,20211.0,29.299,4282921,78.4,2217390,2065531,3.5,3.5,94.59166666666664,27.3,19.0,30.2,18.7,25.5,57.0840373478669,563860
HR,2012,5659.0,9.805,974925,52.6,5984.0,5371.0,1.51,44761.1,11.1,105.4,63.7,6207.0,5575.0,20323.0,29.447,4269062,78.3,2209666,2059396,3.7,3.7,97.76333333333334,27.3,15.1,29.4,18.0,25.8,56.2475900471761,548371
HR,2013,5992.0,9.423,961661,52.8,5830.0,5037.0,1.46,44606.9,8.8,103.63,61.6,6010.0,5364.0,19169.0,29.641,4254475,78.3,2201359,2053116,4.7,3.7,100.0375,27.6,15.1,34.2,20.7,23.8,55.4359537803846,533105
HR,2014,6140.0,9.289,947674,54.2,5811.0,5221.0,1.46,44193.5,10.0,102.14,64.2,6030.0,5489.0,19501.0,29.798,4236063,78.3,2191575,2044488,4.0,3.6,100.2575,27.8,19.0,,,25.8,54.7166769260092,518535
HR,2015,6010.0,8.875,932326,55.9,6055.0,5442.0,1.4,45498.5,9.5,99.96,65.4,6284.0,5682.0,19834.0,29.912,4207993,78.4,2176981,2031012,4.6,4.2,100.00083333333332,27.9,22.2,38.3,23.5,25.2,54.0856410788073,504254
HR,2016,7036.0,8.905,915567,56.6,6316.0,5654.0,1.42,47654.2,9.6,100.75,66.2,6509.0,5932.0,20467.0,30.097,4172441,78.4,2158438,2014004,5.7,4.9,99.37083333333334,28.0,19.9,41.0,24.8,18.5,53.4930169929832,489764
HR,2017,6265.0,8.818,898655,58.3,6774.0,6122.0,1.42,50329.1,10.6,108.45,68.9,7059.0,6450.0,20310.0,30.258,4129853,78.3,2136349,1993505,6.5,5.6,100.665,28.2,21.6,40.1,25.5,18.0,52.9803176213353,476110
HR,2018,6125.0,8.98,882550,60.1,7260.0,6551.0,1.47,53201.5,10.2,113.54,70.3,7570.0,6919.0,19921.0,30.365,4090870,78.4,2113684,1977186,7.2,6.3,102.2325,28.3,17.2,42.8,28.3,20.5,52.5134844785373,463457
HR,2019,5936.0,8.874,867509,61.5,7956.0,7161.0,1.47,56131.1,10.5,124.9,72.0,8241.0,7421.0,19761.0,30.457,4067206,78.4,2095095,1972111,7.3,6.6,103.04166666666669,28.5,27.0,46.2,25.1,19.9,52.1162759397293,452113
HR,2020,5153.0,8.716,854424,61.3,8441.0,7715.0,1.48,50946.6,11.2,132.95,72.5,8874.0,8133.0,15196.0,30.447,4047260,78.5,2078970,1968290,13.4,9.0,103.06083333333332,28.7,26.2,45.8,27.5,31.1,51.76517958333,442294
HR,2021,5100.0,8.544,842389,62.9,8668.0,7859.0,1.58,58897.9,10.5,144.99,73.4,9055.0,8384.0,18203.0,30.445,3949330,78.5,2035719,1913612,15.6,11.5,105.72727272727272,,23.4,,,31.8,51.4176269400743,433136
HR,2022,4808.0,8.415,832028,65.0,9368.0,8452.0,1.53,68369.7,9.5,170.11,74.5,9925.0,9135.0,18074.0,30.581,3856600,78.6,1994520,1862080,14.0,10.2,117.1075,,29.3,45.6,25.5,32.5,51.1279517642937,425398
CZ,2009,29133.0,11.326,2516963,61.4,8155.0,7152.0,1.51,149586.5,18.8,95.2,80.2,8641.0,7683.0,47862.0,29.421,10443936,88.4,5317514,5126422,6.7,6.7,91.53333333333336,,13.3,22.5,18.1,17.9,51.47807725056,1295684
CZ,2010,30783.0,11.145,2511993,60.9,7881.0,6987.0,1.51,157920.8,18.7,95.2,79.6,8342.0,7379.0,46746.0,29.57,10474410,88.5,5332711,5141699,7.2,7.2,92.63333333333333,,12.2,25.4,20.1,20.7,51.193069134718,1285966
CZ,2011,28113.0,10.396,2501046,61.7,8312.0,7336.0,1.43,165202.2,18.2,94.4,79.9,8803.0,7802.0,45137.0,29.679,10496088,88.6,5343368,5152721,7.4,7.9,94.63333333333333,28.1,15.9,,,21.3,50.961256400759,1274564
CZ,2012,26402.0,10.318,2485473,62.5,8605.0,7619.0,1.45,162587.5,17.7,93.7,80.2,9178.0,8178.0,45206.0,29.728,10510785,88.6,5349506,5161280,8.1,7.9,97.975,28.3,16.4,32.8,23.2,20.3,51.0407360173858,1268603
CZ,2013,27895.0,10.167,2462956,63.8,8518.0,7524.0,1.46,159461.5,17.2,93.8,81.0,9092.0,8050.0,43499.0,29.829,10514272,88.7,5350908,5163365,7.7,8.3,99.34166666666664,28.5,11.3,34.2,24.5,18.9,51.0838465131583,1258172
CZ,2014,26764.0,10.413,2434351,64.7,8380.0,7429.0,1.53,157821.3,17.5,97.3,82.2,8992.0,7946.0,45575.0,29.912,10525347,88.6,5355694,5169654,8.1,7.6,99.75,28.7,3.5,,,19.2,51.0746569131267,1243336
CZ,2015,26083.0,10.467,2407082,66.4,8165.0,7214.0,1.57,169558.2,16.6,101.7,83.0,8659.0,7727.0,48191.0,29.964,10546059,88.7,5364431,5181629,8.1,7.2,100.00833333333333,28.8,10.4,38.1,24.3,19.6,50.956967292008,1226575
CZ,2016,24996.0,10.595,2383542,68.6,8580.0,7616.0,1.63,177438.5,16.0,112.8,84.6,9187.0,8248.0,50768.0,29.956,10566332,88.6,5372823,5193509,8.7,9.0,100.65833333333336,29.0,10.1,39.0,26.5,20.3,50.8088014832832,1211049
CZ,2017,25755.0,10.7,2362858,70.5,9026.0,8058.0,1.69,194132.9,15.8,122.3,86.3,9674.0,8622.0,52567.0,29.978,10594438,88.6,5384199,5210239,9.0,9.1,103.1,29.1,14.5,40.5,27.5,21.4,50.6074782533565,1195782
CZ,2018,24313.0,10.624,2343449,72.2,9781.0,8747.0,1.71,210970.5,15.2,134.4,87.4,10560.0,9490.0,54470.0,30.052,10629928,88.6,5397935,5231993,8.9,9.8,105.11666666666667,29.2,13.8,40.7,26.3,21.0,50.3525007235287,1179985
CZ,2019,24141.0,10.417,2323903,72.7,10720.0,9615.0,1.71,225613.5,15.0,146.4,87.7,11571.0,10407.0,54870.0,30.107,10671870,88.6,5413775,5258095,10.0,10.0,107.83333333333331,29.4,18.2,39.5,26.0,20.6,50.0941790675135,1164140
CZ,2020,21734.0,10.167,2303485,71.9,11551.0,10301.0,1.74,215805.4,15.3,159.5,87.2,12454.0,11158.0,45415.0,30.103,10697858,88.6,5424309,5273550,13.2,13.0,111.36666666666667,29.7,17.2,40.4,26.1,20.4,49.7809404877096,1146696
CZ,2021,21107.0,9.892,2282334,72.1,11830.0,10409.0,1.83,238249.5,15.4,200.6,87.5,12595.0,11061.0,46778.0,30.1,10505772,88.6,5328433,5177339,15.5,13.7,114.95454545454544,29.9,23.0,,,21.8,49.4647762547917,1128951
CZ,2022,19846.0,9.688,2264511,73.7,13170.0,11779.0,1.64,276265.7,14.9,214.5,88.6,14211.0,12739.0,54820.0,30.177,10672118,88.7,5425969,5246149,15.7,15.6,132.1,30.2,21.9,43.1,26.7,23.0,49.0788189502201,1111395
DK,2009,14940.0,11.373,1254626,73.1,25827.0,24241.0,1.84,231278.0,6.0,88.55,79.1,26154.0,25772.0,32934.0,30.502,5523095,82.8,2785442,2737653,24.9,29.0,92.10833333333332,,17.6,44.5,30.5,38.5,64.1891794470077,805334
DK,2010,14460.0,11.332,1258862,72.0,26743.0,24727.0,1.87,243165.4,5.7,90.78,77.7,27737.0,26374.0,30949.0,30.593,5547683,82.9,2797749,2749934,30.0,32.7,94.13333333333333,,17.7,44.9,30.5,37.6,63.6150832181062,800826
DK,2011,14484.0,10.585,1262188,71.4,29285.0,26350.0,1.75,247879.9,6.9,85.74,78.3,29961.0,27633.0,27198.0,30.693,5570572,82.8,2808893,2761679,29.4,36.6,96.63333333333333,31.4,16.3,46.5,30.8,39.1,63.0661044935461,796012
DK,2012,15709.0,10.314,1264642,71.1,29412.0,26508.0,1.73,254578.0,6.4,86.85,77.5,30248.0,27857.0,28503.0,30.751,5591572,82.9,2818758,2772814,29.2,36.7,98.90833333333336,31.8,20.8,49.7,31.1,40.8,62.5567567302343,791119
DK,2013,18875.0,9.901,1265408,71.2,29232.0,26475.0,1.67,258742.7,6.3,89.95,77.5,31084.0,28043.0,27503.0,30.834,5614932,82.9,2829366,2785566,30.7,35.9,99.425,31.9,22.9,50.0,32.4,38.0,62.0967354773464,785777
DK,2014,19435.0,10.046,1264646,71.0,30738.0,27236.0,1.69,265757.0,7.4,93.83,78.4,31531.0,28459.0,28331.0,30.907,5643475,82.9,2841829,2801647,25.2,32.1,99.775,31.9,24.0,,,38.5,61.6645319143386,779838
DK,2015,16343.0,10.212,1263275,71.5,31082.0,27529.0,1.71,273017.6,7.8,101.04,79.3,32186.0,28961.0,28853.0,30.953,5683483,82.9,2859033,2824451,25.8,32.1,100.0,31.9,25.8,52.0,34.6,37.4,61.2926624662822,774294
DK,2016,17222.0,10.638,1260537,72.5,31067.0,27571.0,1.79,283109.7,6.9,105.29,79.4,32678.0,29168.0,30767.0,30.982,5728010,82.9,2878978,2849033,31.9,37.1,100.01666666666668,32.2,27.1,,,37.4,60.9277171673483,768016
DK,2017,15265.0,10.534,1257976,73.2,32120.0,28663.0,1.75,294808.2,6.7,109.89,79.9,32891.0,29513.0,31777.0,31.055,5764980,82.9,2896654,2868326,27.5,33.9,101.075,32.4,30.3,,,37.4,60.5827929403072,762116
DK,2018,15034.0,10.509,1258104,73.9,32991.0,29362.0,1.73,302328.7,7.0,113.54,80.9,34866.0,30853.0,32525.0,31.192,5793636,83.0,2910863,2882773,26.7,30.7,101.79166666666669,32.5,27.7,54.3,37.7,36.3,60.3389657476282,759126
DK,2019,10530.0,10.452,1260490,74.7,33810.0,29805.0,1.7,309526.4,7.2,116.41,81.9,34889.0,31030.0,30635.0,31.294,5814422,83.1,2921427,2892996,27.6,30.8,102.53333333333336,32.8,30.0,55.7,38.9,39.7,60.1300081655283,757932
DK,2020,15651.0,10.56,1263384,74.3,33601.0,29864.0,1.68,311356.3,7.0,128.98,81.3,35029.0,31476.0,28538.0,31.399,5831404,83.1,2930517,2900888,36.2,37.4,102.875,33.0,33.6,55.5,39.0,39.7,59.9762770556596,757730
DK,2021,,10.807,1265478,75.5,34780.0,30878.0,1.72,342961.7,6.9,137.57,82.4,36627.0,32765.0,27643.0,31.396,5856733,83.1,2942847,2913886,37.2,38.1,104.82727272727271,33.0,34.9,,,41.3,59.8484715198381,757369
DK,2022,,10.917,1266519,77.4,36812.0,32035.0,1.55,380617.8,5.4,128.7,82.8,38149.0,33830.0,,31.456,5903037,83.2,2967080,2935957,33.8,35.9,113.825,,41.0,58.3,40.0,42.5,59.6800869994432,755859
EE,2009,3189.0,11.839,320606,69.9,7002.0,5858.0,1.7,14131.9,1.1,56.27,71.0,7479.0,6532.0,5362.0,28.86,1334515,75.0,713455,621060,10.0,9.6,85.61666666666667,,6.4,46.4,27.6,21.8,50.7802537075091,162804
EE,2010,2989.0,11.852,315139,67.4,6565.0,5489.0,1.72,14741.1,0.5,63.51,67.9,7007.0,6017.0,5066.0,29.178,1331475,75.2,711225,620250,11.8,10.7,87.96333333333332,,7.0,48.3,28.5,22.8,51.0826803695891,160981
EE,2011,3099.0,11.104,309172,68.6,6350.0,5295.0,1.61,16677.3,4.9,70.98,73.5,6695.0,5752.0,5499.0,29.389,1327439,75.5,708520,618919,11.7,11.4,92.43166666666669,28.4,6.7,48.6,29.8,19.8,51.3627060737874,158799
EE,2012,3142.0,10.647,303428,71.1,6791.0,5600.0,1.56,17916.7,4.1,75.13,75.2,7328.0,6295.0,5888.0,29.48,1322696,75.8,705543,617153,11.7,11.8,96.33166666666666,28.9,7.8,51.2,29.5,21.0,51.6105559057844,156600
EE,2013,3343.0,10.304,298308,71.6,7482.0,6180.0,1.52,18910.8,5.2,86.82,76.8,8136.0,6937.0,5630.0,29.497,1317997,76.1,702454,615543,12.0,12.7,99.45916666666666,28.8,7.3,52.0,29.7,17.8,51.9759653615159,155048
EE,2014,3218.0,10.324,293930,71.9,8417.0,6705.0,1.54,20048.2,6.5,95.57,78.4,9064.0,7442.0,6220.0,29.596,1314545,76.4,699891,614654,13.1,12.9,99.9325,29.0,7.1,,,19.8,52.3103337839208,153755
EE,2015,3382.0,10.505,291296,73.7,9188.0,7527.0,1.58,20631.4,6.3,100.46,80.0,9781.0,8223.0,6815.0,29.865,1315407,76.7,699701,615706,13.4,12.8,100.0,29.3,8.1,49.2,28.3,25.7,52.6069241203087,153241
EE,2016,3262.0,10.662,289273,73.7,9680.0,8152.0,1.6,21747.9,6.8,108.21,80.5,10408.0,9056.0,6360.0,30.156,1315790,76.8,698667,617123,15.4,14.8,100.8,29.7,8.8,49.5,29.5,25.7,52.7028518147693,152455
EE,2017,3323.0,10.506,287143,76.8,10298.0,8864.0,1.59,23833.6,4.9,113.49,81.7,10906.0,9907.0,6447.0,30.356,1317384,77.0,698073,619311,16.1,16.0,104.48,29.9,7.4,51.3,31.3,27.7,52.8481836875048,151749
EE,2018,3199.0,10.831,285810,76.8,11350.0,10005.0,1.67,25932.2,6.0,119.96,82.8,11918.0,10840.0,6573.0,30.487,1321977,77.1,698617,623360,20.2,18.8,108.045,29.9,8.0,51.7,31.3,29.7,52.9301962057804,151279
EE,2019,2790.0,10.691,284331,77.5,12303.0,10814.0,1.66,27951.0,6.0,129.79,83.5,12968.0,11769.0,6701.0,30.554,1326898,77.3,699442,627456,20.7,18.9,110.49583333333334,,9.4,53.8,28.5,28.7,52.9211914344613,150471
EE,2020,2555.0,10.47,282644,76.9,13283.0,11737.0,1.58,27430.0,4.4,136.01,81.3,13921.0,12496.0,6093.0,30.533,1329522,77.3,699426,630096,24.8,21.5,109.795,30.6,8.8,51.5,29.7,29.7,52.8877841051425,149484
EE,2021,2554.0,10.277,281237,77.5,13665.0,11974.0,1.61,31169.0,3.7,163.78,81.2,14617.0,12973.0,6396.0,30.523,1330932,77.4,698767,632165,28.8,24.1,114.4918181818182,30.8,9.1,,,26.7,52.7708311129875,148411
EE,2022,2546.0,10.118,279591,80.4,16180.0,13854.0,1.41,36011.1,2.9,191.38,83.3,17131.0,15132.0,7200.0,30.665,1348840,77.5,708450,640391,27.9,23.5,137.03166666666667,31.0,10.3,54.8,34.0,27.7,52.5780848933221,147003
FI,2009,13527.0,11.297,1170678,71.5,22848.0,20363.0,1.86,181747.0,2.2,90.7,73.7,23955.0,21817.0,29836.0,30.116,5338871,81.8,2720511,2618360,17.5,22.4,89.32166666666667,,23.6,49.0,30.3,40.0,58.6022748720068,686043
FI,2010,13619.0,11.321,1168899,70.3,23215.0,20911.0,1.87,188143.0,3.1,94.6,73.4,24315.0,22210.0,29952.0,30.193,5363352,82.5,2731610,2631742,16.9,23.1,90.8275,,25.9,47.8,31.1,39.5,58.3529761177372,682087
FI,2011,13469.0,11.121,1166291,70.7,23803.0,21374.0,1.83,197998.0,3.9,96.76,74.6,24992.0,22742.0,28408.0,30.304,5388272,83.3,2742797,2645475,18.5,24.3,93.84666666666668,30.4,26.5,48.4,30.8,42.5,58.1440531929654,678128
FI,2012,13040.0,10.984,1163681,71.3,24871.0,22168.0,1.8,201037.0,3.3,99.63,74.6,25915.0,23475.0,28878.0,30.375,5413971,84.1,2754393,2659578,19.2,24.9,96.81416666666668,,28.6,49.2,30.8,42.5,57.9886903940312,674803
FI,2013,13766.0,10.678,1160218,71.0,25608.0,22772.0,1.75,204321.0,2.9,99.93,73.9,26633.0,24167.0,25119.0,30.452,5438972,84.9,2765479,2673493,20.1,27.0,98.95916666666666,30.4,29.8,48.9,31.6,42.5,57.8898596841991,671648
FI,2014,13682.0,10.448,1156145,71.2,25797.0,23176.0,1.71,206897.0,2.0,99.42,73.2,26956.0,24588.0,24462.0,30.486,5461512,85.6,2775398,2686114,21.2,27.7,100.15583333333332,30.6,29.2,,,42.0,57.8677931656214,669035
FI,2015,13939.0,10.103,1151674,70.7,26000.0,23330.0,1.65,211385.0,2.1,99.8,72.8,26951.0,24348.0,24708.0,30.597,5479531,86.1,2782854,2696677,23.4,28.9,100.0,31.0,29.2,48.7,32.1,41.5,57.840757005524,666136
FI,2016,13541.0,9.602,1146875,70.8,26194.0,23217.0,1.57,217518.0,3.2,101.08,74.0,27067.0,24484.0,24464.0,30.769,5495303,86.4,2788394,2706909,23.7,30.3,100.38916666666668,31.3,30.1,48.8,33.1,42.0,57.8133634898479,663047
FI,2017,13485.0,9.121,1142067,71.3,26547.0,23657.0,1.49,226301.0,3.8,102.12,75.1,27446.0,24731.0,26542.0,30.882,5508214,86.4,2792485,2715729,24.9,29.9,101.23166666666668,31.6,32.8,48.6,32.5,42.0,57.7485870230895,659527
FI,2018,13145.0,8.629,1137618,73.4,27221.0,24066.0,1.41,233462.0,3.8,103.15,77.2,28206.0,25380.0,23799.0,30.986,5515525,86.4,2794314,2721211,27.7,31.6,102.415,31.7,34.5,48.5,32.6,41.5,57.7047946731022,656460
FI,2019,13365.0,8.306,1136137,74.5,27719.0,24342.0,1.35,239858.0,3.3,103.29,77.8,28818.0,25749.0,22296.0,31.063,5521606,86.4,2795830,2725776,29.9,33.3,103.57916666666668,31.9,34.2,50.0,34.5,46.5,57.6179959233448,654619
FI,2020,13478.0,8.376,1137687,73.8,28313.0,24840.0,1.37,238038.0,3.3,106.95,77.1,29574.0,26395.0,22082.0,31.053,5529543,86.4,2798508,2731035,38.6,39.7,103.97583333333334,32.0,35.1,52.2,35.9,46.0,57.5649742991435,654909
FI,2021,,8.481,1141166,75.8,28146.0,24830.0,1.46,250664.0,2.0,111.12,77.8,29490.0,26477.0,19579.0,31.039,5541017,86.4,2802563,2738455,40.9,40.3,106.11181818181818,32.1,35.2,,,46.0,57.4841605112589,655989
FI,2022,11370.0,8.518,1146202,77.8,28905.0,25656.0,1.32,267687.0,1.2,108.53,79.0,30665.0,27631.0,21942.0,31.108,5556106,86.4,2807817,2748289,40.4,40.8,113.735,32.3,36.1,46.9,34.9,45.5,57.3242435828372,657051
FR,2009,130601.0,12.705,14231253,65.9,23392.0,19678.0,2.0,1936422.0,8.0,95.95,73.9,24468.0,20620.0,251654.0,29.916,64504541,80.8,33279670,31224872,18.4,18.8,92.4375,,10.2,47.2,38.5,20.0,58.4176792544916,8313567
FR,2010,133909.0,12.785,14190989,65.8,23630.0,19997.0,2.03,1995289.0,7.9,102.45,73.7,24584.0,20949.0,251713.0,29.968,64818789,81.1,33436456,31382333,19.3,19.9,94.045,,12.3,47.0,38.1,20.4,58.1549087786963,8252756
FR,2011,132977.0,12.55,14149509,65.6,23919.0,20044.0,2.01,2058369.0,8.1,106.28,73.7,25144.0,21020.0,236975.0,30.048,65127852,81.3,33593710,31534143,19.8,20.1,96.2,30.8,21.6,47.0,38.6,20.3,57.8856707082584,8190538
FR,2012,128371.0,12.432,14101887,66.0,24686.0,20681.0,2.01,2088804.0,7.6,104.1,73.6,25782.0,21602.0,241000.0,30.105,65438667,81.4,33749643,31689024,20.3,20.4,98.33416666666666,,25.1,47.0,38.1,24.6,57.7377567012604,8142113
FR,2013,124948.0,12.241,14047696,66.4,24955.0,20924.0,1.99,2117189.0,6.9,102.52,73.3,25977.0,21958.0,238720.0,30.205,65771309,81.5,33916678,31854631,19.8,19.5,99.3075,31.7,29.7,,,24.8,57.5862091316662,8089535
FR,2014,123537.0,12.17,13989621,67.0,24862.0,21245.0,2.0,2149765.0,6.1,100.28,73.1,26006.0,22080.0,241425.0,30.311,66312067,81.5,34202373,32109694,19.2,19.3,99.91416666666667,32.1,32.4,,,26.0,57.3435173235506,8022140
FR,2015,123668.0,11.795,13939180,67.4,25303.0,21543.0,1.96,2198432.0,5.9,100.15,73.3,26158.0,22221.0,236432.0,30.41,66548272,81.6,34337450,32210822,19.5,19.4,100.00083333333332,32.2,35.6,48.8,40.6,26.3,57.0793761877641,7956396
FR,2016,128043.0,11.501,13896459,67.7,25800.0,21822.0,1.92,2234129.0,6.1,101.84,73.8,26432.0,22479.0,232865.0,30.513,66724104,81.7,34443235,32280869,20.7,20.0,100.30583333333334,32.5,41.2,48.7,39.4,26.2,56.7982632310424,7892947
FR,2017,,11.242,13855994,68.1,25784.0,22161.0,1.89,2297242.0,6.6,105.24,74.7,26504.0,22792.0,234013.0,30.605,66918020,81.7,34553729,32364291,20.4,20.6,101.47166666666668,32.8,43.4,49.2,39.6,36.3,56.5166112046317,7830938
FR,2018,,11.053,13816970,68.9,26124.0,22405.0,1.87,2363306.0,6.4,108.58,75.3,26397.0,23127.0,234843.0,30.644,67158348,81.7,34675563,32482785,21.0,20.6,103.60166666666667,33.1,44.0,51.0,42.8,37.0,56.2315418110667,7769495
FR,2019,,10.891,13776501,69.4,26706.0,22568.0,1.86,2437635.0,5.9,112.69,75.3,27399.0,23397.0,224740.0,30.587,67388001,81.7,34791715,32596287,23.1,22.6,104.94666666666666,,45.2,52.3,43.8,37.1,55.9318479100918,7705451
FR,2020,,10.577,13732585,69.3,25270.0,22034.0,1.83,2317832.0,5.7,119.27,75.0,26559.0,23296.0,154667.0,30.579,67571107,81.8,34891818,32679289,30.7,28.3,105.49666666666668,,45.1,52.8,45.9,38.6,55.6326157376831,7639796
FR,2021,,10.496,13684502,70.2,25783.0,22478.0,1.84,2502118.0,6.2,127.52,76.4,27224.0,23847.0,218946.0,30.565,67764304,81.8,34987639,32776665,35.8,33.0,107.63272727272728,,45.3,,,39.1,55.3731554031816,7577540
FR,2022,,10.416,13640338,71.2,26026.0,22793.0,1.79,2639092.0,5.8,133.5,77.0,27699.0,24231.0,241831.0,30.624,68065015,81.9,35110131,32954884,35.7,31.4,114.03583333333334,,45.2,54.0,46.6,36.6,55.0665030086939,7511257
DE,2009,185817.0,8.14,18719085,67.8,20940.0,18378.0,1.36,2445730.0,10.7,84.2,78.5,22102.0,19450.0,378439.0,30.098,81902307,79.7,41758362,40143945,11.6,14.1,91.625,,12.9,26.9,24.4,31.4,57.4229250554468,10749046
DE,2010,187027.0,8.319,18524636,68.8,21302.0,18584.0,1.39,2564400.0,10.5,83.8,79.3,22547.0,19684.0,382047.0,30.251,81776930,80.8,41668914,40108016,11.5,14.3,92.65,,12.6,,,31.5,57.144332809447,10585779
DE,2011,187640.0,8.283,18323707,70.3,21341.0,18879.0,1.39,2693560.0,10.3,87.3,80.6,22546.0,19927.0,377816.0,30.407,80274983,81.5,41097709,39177274,10.5,12.9,94.95,30.2,15.2,29.5,25.6,32.4,56.8748222349751,10421575
DE,2012,179147.0,8.411,18127125,70.7,21562.0,19200.0,1.41,2745310.0,10.3,91.6,81.0,23046.0,20352.0,387423.0,30.534,80425823,81.4,41120362,39305462,10.3,12.6,97.0,,17.9,31.0,26.8,32.5,56.5203435117918,10245513
DE,2013,169833.0,8.484,17927271,71.5,21917.0,19163.0,1.42,2811350.0,9.5,93.0,81.0,23471.0,20340.0,373655.0,30.673,80645605,80.9,41176655,39468950,9.9,12.2,98.55833333333334,30.5,21.5,31.9,27.9,35.7,56.1465386035836,10065542
DE,2014,166199.0,8.817,17723115,72.1,22044.0,19377.0,1.47,2927430.0,9.1,96.2,81.2,23457.0,20742.0,385952.0,30.794,80982500,80.1,41286310,39696190,9.9,12.0,99.31666666666666,30.7,24.4,,,36.6,55.8018391033335,9889824
DE,2015,163335.0,9.037,17534101,72.6,23026.0,20312.0,1.5,3026180.0,8.6,101.8,81.2,24517.0,21513.0,400115.0,30.848,81686611,79.2,41511821,40174790,10.1,12.4,99.99166666666667,30.9,26.1,30.6,28.6,36.2,55.4709002105576,9726323
DE,2016,162397.0,9.552,17361096,73.5,23577.0,20884.0,1.6,3134740.0,8.1,110.4,81.6,25112.0,22115.0,410426.0,30.838,82348669,78.4,41743048,40605621,9.9,12.0,100.35833333333332,31.1,29.5,31.5,29.6,37.1,55.178452511635,9579584
DE,2017,153501.0,9.507,17196819,74.2,24339.0,21493.0,1.57,3267160.0,7.8,117.3,82.0,25737.0,22878.0,407466.0,30.972,82657002,77.5,41886661,40770342,9.9,11.7,102.06666666666666,31.2,31.9,32.5,30.2,31.7,54.9213892261536,9444731
DE,2018,148066.0,9.423,17039860,74.8,25205.0,22135.0,1.57,3365450.0,8.0,124.6,82.8,26524.0,23617.0,449466.0,31.081,82905782,76.7,42000654,40905128,10.5,12.6,104.04166666666669,,33.8,33.6,31.1,31.4,54.7202621047492,9324256
DE,2019,149010.0,9.304,16894381,75.5,25655.0,23086.0,1.54,3474110.0,8.0,132.7,83.5,27118.0,24283.0,416324.0,31.164,83092962,76.4,42090810,41002152,11.5,13.6,105.45,,35.6,34.4,32.1,31.7,54.5677557006182,9218884
DE,2020,143801.0,9.144,16767908,74.4,29546.0,25688.0,1.53,3403730.0,7.5,144.3,81.9,30861.0,26921.0,373304.0,31.145,83160871,76.1,42128805,41032066,19.5,22.3,105.84166666666664,,36.3,,,31.4,54.4396784101921,9128395
DE,2021,142751.0,9.167,16659609,75.6,28779.0,24725.0,1.58,3617450.0,7.4,162.5,83.0,30182.0,25912.0,357785.0,31.127,83196078,76.0,42149426,41046652,24.2,25.8,109.16363636363636,,36.0,,,34.5,54.3846586767432,9060271
DE,2022,,9.139,16562707,76.8,28267.0,24687.0,1.46,3876810.0,7.8,156.7,84.6,29594.0,25874.0,390743.0,31.228,83797985,76.0,42485066,41312919,23.5,25.1,118.70833333333331,,37.2,39.5,34.9,35.1,54.3642366385512,9004189
HU,2009,23820.0,9.602,2389979,58.6,5271.0,4790.0,1.32,94605.6,7.9,92.42,66.5,5433.0,4958.0,36730.0,29.039,10022650,78.7,5262675,4759975,8.0,7.2,85.42750000000001,,13.3,29.7,20.6,11.2,49.8611337796498,1191670
HU,2010,23873.0,9.068,2380406,59.0,4698.0,4300.0,1.25,99771.6,6.6,91.99,65.6,4827.0,4420.0,35520.0,29.28,10000023,78.7,5249623,4750401,8.2,8.0,89.46749999999999,,13.6,30.9,21.4,8.8,49.2094447785917,1171384
HU,2011,23335.0,8.892,2354491,59.2,5086.0,4504.0,1.23,102152.0,7.3,89.34,66.5,5287.0,4712.0,35812.0,29.407,9971727,78.7,5233914,4734284,8.4,8.6,92.97583333333334,28.6,5.3,33.6,22.9,8.8,49.6224825366215,1168356
HU,2012,21830.0,9.065,2330092,60.4,5216.0,4656.0,1.34,100247.6,6.9,84.67,67.3,5454.0,4885.0,36161.0,29.373,9920362,78.7,5200052,4720310,9.6,9.1,98.24166666666667,,7.4,36.5,24.7,9.1,50.0947439065197,1167253
HU,2013,20209.0,9.075,2318789,61.2,5039.0,4462.0,1.35,102239.7,8.1,84.13,69.3,5230.0,4627.0,36986.0,29.367,9893082,78.7,5183410,4709672,10.5,10.8,99.91833333333334,29.0,11.3,37.3,25.3,9.4,50.477291451363,1170461
HU,2014,19576.0,9.412,2303732,64.1,5169.0,4556.0,1.44,106263.8,9.4,91.22,73.5,5377.0,4704.0,38780.0,29.413,9866468,78.7,5166883,4699585,9.9,9.5,99.935,29.3,11.8,,,10.1,50.8242686096688,1170854
HU,2015,20315.0,9.367,2289160,66.2,5191.0,4587.0,1.45,112791.0,9.6,104.65,75.8,5378.0,4759.0,46137.0,29.534,9843028,78.7,5150879,4692149,9.0,8.5,99.99833333333332,29.2,17.8,38.4,26.1,10.1,51.1755393746758,1171489
HU,2016,19552.0,9.683,2272195,68.9,5367.0,4780.0,1.53,116255.7,9.7,116.95,78.6,5647.0,4991.0,51805.0,29.533,9814023,78.7,5132118,4681905,7.3,7.1,100.4475,29.2,12.3,36.6,24.4,10.1,51.5029783653235,1170248
HU,2017,18495.0,9.633,2252887,69.9,5566.0,4990.0,1.54,127024.7,11.1,131.96,81.0,5819.0,5264.0,50572.0,29.647,9787966,78.9,5114520,4673447,6.8,6.5,102.84416666666668,29.4,14.5,35.8,24.7,10.1,51.7722037612372,1166369
HU,2018,16952.0,9.54,2234339,71.4,6133.0,5410.0,1.55,136055.4,10.7,152.32,82.1,6321.0,5608.0,50828.0,29.76,9775564,78.8,5101852,4673712,6.3,5.8,105.83833333333332,29.6,14.9,36.6,24.9,12.6,51.9033793135723,1159697
HU,2019,17600.0,9.47,2216481,72.1,6482.0,5771.0,1.55,146554.5,11.0,171.88,83.1,6764.0,6094.0,65268.0,29.783,9771141,79.0,5092836,4678306,4.7,4.5,109.45916666666666,29.6,12.9,36.6,24.9,12.2,52.0180688511137,1152970
HU,2020,14979.0,9.496,2196357,71.9,7198.0,6391.0,1.59,137920.2,11.2,179.08,83.1,7547.0,6862.0,67095.0,29.726,9750149,79.1,5077857,4672292,12.3,9.9,113.15333333333332,29.5,9.9,36.4,25.3,12.6,52.1522406200562,1145449
HU,2021,,9.474,2177670,73.5,7272.0,6524.0,1.61,153980.2,10.6,219.86,84.1,7609.0,6908.0,72030.0,29.713,9709891,79.1,5055557,4654335,14.0,12.8,118.95545454545454,29.7,9.4,,,13.1,52.2959056932376,1138832
HU,2022,17695.0,9.46,2284552,75.3,7654.0,6900.0,1.56,168549.5,9.8,258.43,85.1,8177.0,7223.0,63967.0,29.797,9644377,79.1,5009310,4635068,10.8,10.3,137.22083333333333,,10.4,37.4,26.7,13.1,52.3684596421006,1196384
IE,2009,3341.0,16.783,1180871,62.8,25889.0,22680.0,2.06,169519.7,10.4,115.58,73.2,27045.0,23714.0,21627.0,31.364,4535375,78.6,2278559,2256816,9.7,17.7,97.76666666666668,,8.3,55.2,42.9,16.3,51.8840343325162,612683
IE,2010,3113.0,16.595,1171770,61.0,24464.0,20686.0,2.05,167391.4,9.0,99.98,70.0,25109.0,21906.0,20594.0,31.419,4560155,78.7,2294955,2265200,9.6,17.0,96.19166666666666,,8.4,55.8,43.2,15.5,52.3960814818148,613961
IE,2011,2819.0,16.195,1161201,60.1,23168.0,19740.0,2.03,171823.5,8.9,80.38,69.0,23765.0,20873.0,19855.0,31.53,4580084,78.6,2308372,2271713,10.1,18.0,97.35833333333332,,8.8,55.0,41.9,19.0,53.1262188066217,616902
IE,2012,2892.0,15.649,1152689,60.2,23165.0,19759.0,1.98,175218.5,8.6,76.5,68.8,23668.0,20413.0,20713.0,31.579,4599533,78.5,2320803,2278731,11.5,17.8,99.20833333333331,,8.7,56.3,43.8,18.9,53.526085259892,616989
IE,2013,2949.0,15.018,1146982,61.2,23621.0,19926.0,1.93,179285.6,10.6,80.77,71.8,24484.0,20908.0,20680.0,31.654,4623816,78.5,2334160,2289656,11.4,16.8,99.73333333333332,31.8,11.1,57.9,45.9,19.9,53.6761292190199,615655
IE,2014,2629.0,14.505,1146250,62.3,23550.0,20264.0,1.89,195469.9,11.8,96.59,74.1,24636.0,20933.0,22045.0,31.738,4657740,78.5,2353144,2304596,11.0,15.6,100.03333333333336,30.7,10.9,,,19.9,53.6803188440974,615310
IE,2015,3289.0,13.958,1149097,63.7,24746.0,21790.0,1.85,263506.8,12.4,103.25,76.1,25739.0,22862.0,22116.0,31.902,4701957,78.5,2375715,2326242,10.9,15.5,100.0,32.0,15.3,60.3,47.1,20.1,53.6515347244984,616508
IE,2016,3255.0,13.41,1154573,65.3,25753.0,22460.0,1.81,269724.8,12.2,112.06,77.5,26591.0,23703.0,22626.0,32.075,4755335,78.5,2401805,2353530,10.7,14.5,99.79166666666669,31.9,16.5,60.7,47.3,24.3,53.6011040972192,618863
IE,2017,3412.0,12.89,1163632,66.9,26850.0,22881.0,1.77,298528.3,12.2,125.15,79.1,28506.0,23800.0,22021.0,32.126,4807388,78.4,2427317,2380071,14.5,18.3,100.05,,17.6,,,24.3,53.5073414898247,622628
IE,2018,,12.841,1175384,67.9,29051.0,24920.0,1.75,327441.4,12.3,134.23,80.2,30049.0,26459.0,21053.0,32.129,4867316,78.5,2456764,2410552,17.2,21.3,100.76666666666668,,18.7,60.0,52.1,24.3,53.2567091442027,625970
IE,2019,,12.387,1186746,68.8,29904.0,25567.0,1.71,356357.4,12.5,135.32,81.3,30938.0,26678.0,20313.0,32.236,4934340,78.5,2491071,2443269,17.7,21.9,101.65,,26.0,59.3,51.5,24.3,53.0733474272173,629845
IE,2020,,12.082,1193312,65.8,30858.0,26961.0,1.63,375249.6,12.7,136.28,78.5,32281.0,28121.0,9523.0,32.215,4985382,78.5,2517652,2467730,31.9,32.2,101.18333333333334,,28.8,62.2,54.5,27.3,52.8944404815541,631195
IE,2021,,11.764,1196296,69.9,32091.0,28343.0,1.78,434069.7,10.1,155.1,80.0,33505.0,29705.0,16717.0,32.2,5033164,78.5,2542409,2490755,40.6,39.7,103.54545454545456,,30.2,,,27.7,52.6689525609488,630076
IE,2022,,11.472,1198944,72.6,32930.0,28989.0,1.54,506282.4,11.4,168.41,84.0,34769.0,31283.0,,32.2,5165700,78.6,2611573,2554127,36.6,37.2,111.99166666666667,,33.7,66.1,59.8,27.9,52.4139225568285,628413
IT,2009,54456.0,9.591,13847704,49.5,17780.0,15392.0,1.45,1577255.9,23.4,,72.9,19091.0,16627.0,230613.0,31.121,59095365,75.1,30485669,28609696,4.0,4.8,91.075,,4.0,24.6,15.8,20.3,57.0151577420513,7895290
IT,2010,54160.0,9.435,13805424,49.2,18169.0,15842.0,1.46,1611279.4,22.7,118.9,71.9,19279.0,17097.0,217700.0,31.231,59277417,75.1,30595096,28682321,3.9,4.7,92.55,,4.5,25.2,16.4,20.2,56.8189017869643,7844090
IT,2011,53806.0,9.153,13733419,49.6,18024.0,15695.0,1.44,1648755.8,22.1,119.5,71.7,19240.0,16981.0,204830.0,31.32,59379449,75.1,30658521,28720928,3.7,4.5,95.26666666666668,30.5,5.9,25.7,16.5,20.5,56.5930069416792,7772154
IT,2012,51319.0,8.892,13633667,50.1,18262.0,15923.0,1.43,1624358.7,20.5,113.6,70.6,19444.0,17065.0,208947.0,31.362,59539717,75.2,30731619,28808098,3.9,4.9,98.425,,10.8,27.4,17.5,20.6,56.3123040690833,7677432
IT,2013,52943.0,8.485,13511131,49.6,17883.0,15624.0,1.39,1612751.3,19.2,107.1,68.8,19017.0,16702.0,194057.0,31.45,60233948,75.1,31046867,29187081,3.8,4.8,99.65,31.1,15.0,28.0,17.8,30.5,56.0476820293855,7572675
IT,2014,52355.0,8.211,13334924,50.1,17804.0,15616.0,1.37,1627405.6,18.9,101.9,69.0,18926.0,16652.0,189765.0,31.507,60789140,75.2,31296063,29493077,3.7,4.4,99.88333333333333,31.3,24.1,,,30.3,55.7784727821178,7438016
IT,2015,82469.0,7.948,13126543,50.5,17852.0,15734.0,1.35,1655355.0,19.7,99.8,70.2,18908.0,16761.0,194377.0,31.628,60730582,75.3,31251626,29478956,3.9,4.7,99.99166666666667,,28.6,31.0,19.4,30.2,55.4402309721967,7277385
IT,2016,99071.0,7.752,12916144,51.6,18248.0,16174.0,1.34,1695786.8,19.9,100.0,71.5,19306.0,17284.0,203258.0,31.733,60627498,75.4,31176467,29451031,4.0,4.5,99.94166666666666,31.9,32.3,31.7,19.5,30.1,55.090992441841,7115631
IT,2017,91629.0,7.519,12705941,52.5,18665.0,16522.0,1.32,1736592.8,19.7,98.8,72.2,19716.0,17504.0,191287.0,31.827,60536709,75.4,31100035,29436674,4.2,4.8,101.26666666666668,32.2,34.0,33.5,20.4,30.2,54.7298890990535,6953947
IT,2018,88458.0,7.221,12505066,53.2,19232.0,16789.0,1.29,1771391.2,19.7,98.3,72.9,20264.0,17799.0,195778.0,31.925,60421760,75.5,30870922,29279401,4.5,5.1,102.525,32.4,36.4,,,35.3,54.3722786008919,6799289
IT,2019,85349.0,7.002,12308718,53.9,19465.0,17052.0,1.27,1796648.5,19.4,98.5,73.3,20596.0,18192.0,184088.0,32.002,59729081,75.5,30638435,29090646,4.3,4.9,103.175,32.7,36.1,34.1,21.9,35.8,54.0102981522332,6647975
IT,2020,66662.0,6.894,12109537,52.1,20417.0,17867.0,1.24,1661239.8,19.7,100.0,71.8,21409.0,18947.0,96841.0,31.983,59438851,75.6,30480690,28958161,15.7,12.1,103.025,33.6,38.4,34.8,22.6,35.6,53.6061662410196,6491458
IT,2021,83192.0,6.931,11908372,53.2,20397.0,17647.0,1.25,1821934.6,19.2,104.0,72.4,21233.0,18554.0,180416.0,31.951,59133173,75.7,30290582,28842591,17.3,12.9,104.96363636363635,33.0,38.8,,,35.8,53.2608375611926,6342498
IT,2022,82596.0,6.903,11716301,55.0,21149.0,18255.0,1.24,1962845.8,19.7,106.8,74.7,22411.0,19637.0,189140.0,32.017,59013667,75.7,30196773,28816894,13.8,11.0,114.2,33.6,42.6,35.5,23.1,33.0,52.8730801629193,6194769
LV,2009,5099.0,10.251,522429,66.2,6305.0,5130.0,1.46,18922.0,0.2,85.34,66.4,6824.0,5715.0,9925.0,28.668,2141669,80.5,1159880,981790,3.4,3.0,94.10666666666668,,17.1,41.1,22.2,22.0,50.8992079896444,265912
LV,2010,4930.0,9.532,508395,64.2,5431.0,4420.0,1.36,17937.5,-0.6,83.25,63.6,5594.0,4656.0,9290.0,28.87,2097555,80.5,1138120,959435,4.2,3.5,92.955,,23.5,45.6,23.9,19.0,50.6762282807676,257635
LV,2011,8302.0,9.276,493644,65.1,5029.0,4114.0,1.33,19666.0,2.0,88.05,67.1,5269.0,4403.0,10760.0,28.985,2059709,80.5,1118334,941376,3.2,2.8,96.88,27.3,26.6,46.4,23.9,21.0,50.5332363699495,249454
LV,2012,7311.0,9.845,478955,66.2,5301.0,4274.0,1.44,22097.5,3.6,93.41,69.8,5678.0,4701.0,11244.0,29.098,2034319,80.5,1103623,930696,3.2,2.9,99.09416666666668,27.5,28.2,51.2,26.2,23.0,50.548747804266,242105
LV,2013,7031.0,10.32,465019,67.5,5555.0,4499.0,1.52,22791.3,4.2,101.08,71.7,5987.0,4950.0,11436.0,29.287,2012647,80.5,1090834,921813,3.8,3.0,99.105,27.9,28.6,53.1,28.4,25.0,50.631604358333,235446
LV,2014,6271.0,10.944,452512,68.4,6127.0,4992.0,1.65,23625.8,4.5,96.57,72.9,6635.0,5492.0,12515.0,29.43,1993782,80.5,1079656,914126,4.1,3.6,99.78916666666667,28.2,31.7,,,18.0,50.6569962055174,229228
LV,2015,5151.0,11.128,441739,70.5,6691.0,5533.0,1.7,24572.1,4.1,102.91,74.6,7295.0,6116.0,13617.0,29.456,1977527,80.5,1069774,907753,3.6,2.6,100.00166666666668,28.5,30.4,54.4,26.0,17.0,50.5667543488529,223373
LV,2016,6061.0,11.146,431376,71.7,7258.0,6027.0,1.74,25371.3,2.8,110.9,74.5,7792.0,6640.0,13002.0,29.602,1959537,80.5,1059546,899991,4.5,3.9,100.10083333333334,28.8,28.5,54.6,30.1,16.0,50.5127897882084,217900
LV,2017,5943.0,10.658,420933,72.6,7551.0,6364.0,1.69,26984.4,4.3,119.69,76.9,8158.0,6990.0,13150.0,29.734,1942248,80.5,1049586,892662,3.5,3.2,102.9975,28.9,28.8,53.9,29.8,17.0,50.4848331697973,212507
LV,2018,5967.0,10.019,411087,74.7,8288.0,6919.0,1.6,29153.6,4.3,132.93,79.0,9122.0,7707.0,13058.0,29.949,1927174,80.6,1039899,887275,4.9,4.7,105.62833333333332,29.2,29.0,53.8,30.0,31.0,50.4525162132722,207403
LV,2019,5971.0,9.733,401392,75.5,9257.0,7697.0,1.61,30572.9,3.7,144.69,79.2,10058.0,8540.0,12861.0,30.017,1913822,80.6,1030889,882933,5.3,4.3,108.53,29.6,31.7,54.6,33.6,30.0,50.2772657397905,201808
LV,2020,5206.0,9.231,391994,75.1,9938.0,8325.0,1.55,30109.5,3.7,147.92,78.8,10657.0,9131.0,10702.0,29.962,1900449,80.6,1022359,878091,6.4,5.6,108.6175,29.8,25.6,55.3,33.8,29.0,50.1240192497831,196483
LV,2021,4643.0,9.068,383352,72.9,10521.0,8699.0,1.57,33348.9,4.8,171.79,77.7,11888.0,9883.0,11228.0,29.935,1884490,80.6,1012349,872141,15.8,11.4,112.0090909090909,30.0,22.2,,,28.0,49.8537820987575,191115
LV,2022,5407.0,8.912,375659,75.5,11263.0,9621.0,1.47,38386.2,3.1,186.61,78.6,12730.0,10907.0,11848.0,30.065,1879383,80.7,1008694,870689,13.5,9.4,131.47333333333333,30.0,19.0,57.1,35.2,30.3,49.4617961802589,185807
LT,2009,9270.0,10.081,795662,67.2,5618.0,4539.0,1.5,26897.0,-0.4,84.41,66.8,6205.0,5038.0,20542.0,28.47,3162916,78.3,1701141,1461776,6.4,6.0,91.33833333333332,,15.0,50.9,36.1,18.7,54.5789316746487,434263
LT,2010,10006.0,9.98,772461,65.0,4921.0,3915.0,1.5,28033.8,-1.5,85.55,63.5,5113.0,4194.0,18688.0,28.773,3097282,78.5,1668571,1428711,5.3,5.2,92.42583333333332,,13.1,54.8,37.8,19.1,54.1667749525888,418417
LT,2011,10341.0,10.187,749311,66.6,4463.0,3776.0,1.55,31317.2,0.6,90.31,67.2,4681.0,4064.0,19221.0,28.868,3028115,78.6,1632748,1395367,4.7,4.8,96.2375,26.7,14.0,56.8,39.7,19.1,53.8079208200583,403188
LT,2012,10399.0,10.391,727012,67.9,5019.0,4218.0,1.6,33410.2,1.2,89.25,69.1,5341.0,4609.0,20660.0,28.986,2987773,78.7,1611572,1376201,5.3,5.7,99.28249999999998,,17.8,57.6,39.8,23.7,53.5323309663769,389186
LT,2013,9974.0,10.273,706241,68.6,5588.0,4583.0,1.59,35039.5,2.6,91.92,71.2,5910.0,4970.0,20469.0,29.13,2957689,78.7,1595246,1362443,5.3,5.8,100.43833333333332,27.1,16.1,58.9,42.3,24.1,53.3869250208733,377040
LT,2014,9806.0,10.434,686723,70.6,5898.0,4715.0,1.63,36581.3,2.5,96.76,73.1,6227.0,5169.0,22142.0,29.331,2932367,78.9,1581241,1351126,5.4,5.6,100.68166666666669,27.3,16.5,,,23.6,53.2411457727413,365619
LT,2015,9371.0,10.767,667914,72.2,6410.0,5083.0,1.7,37345.7,2.4,99.95,74.6,6804.0,5412.0,21987.0,29.448,2904910,78.9,1566978,1337932,4.7,5.1,100.0,27.5,14.3,64.9,45.0,24.1,53.1028894063861,354681
LT,2016,8879.0,10.596,649232,74.3,6846.0,5488.0,1.69,38889.9,1.9,109.43,76.2,7464.0,6088.0,21347.0,29.605,2868231,78.9,1547335,1320897,5.0,4.8,100.67833333333331,27.9,14.3,66.1,44.2,21.3,53.1199437170152,344871
LT,2017,8518.0,10.165,630496,75.5,7272.0,5923.0,1.63,42276.3,1.0,116.94,76.5,8190.0,6518.0,21186.0,29.797,2828403,79.1,1523663,1304740,5.0,4.5,104.42166666666668,27.8,14.3,65.6,46.2,20.6,53.2258649512056,335586
LT,2018,8640.0,10.067,612448,76.7,8027.0,6600.0,1.63,45515.2,2.3,125.59,79.0,8987.0,7374.0,19734.0,30.045,2801543,79.1,1505101,1296442,4.7,4.5,107.065,28.2,10.8,65.2,46.6,22.0,53.4198163445022,327168
LT,2019,8683.0,9.832,595462,77.4,9000.0,7258.0,1.61,48959.2,1.6,133.77,79.0,9839.0,8227.0,19502.0,30.18,2794137,79.1,1494165,1299973,4.4,4.5,109.46583333333332,28.4,12.0,66.1,45.2,24.1,53.472590569988,318408
LT,2020,7544.0,9.727,579093,75.8,9920.0,8273.0,1.48,49873.2,1.7,146.35,77.5,11173.0,9126.0,15299.0,30.163,2794885,79.2,1485909,1308976,8.9,7.8,110.62833333333332,28.4,14.3,68.1,45.6,26.2,53.4622477486069,309596
LT,2021,7822.0,9.619,563263,76.7,11219.0,9216.0,1.36,56478.1,1.4,175.36,78.1,12636.0,9999.0,16795.0,30.148,2800839,79.2,1490741,1310099,15.9,12.8,115.56545454545454,28.6,22.3,,,28.4,53.4535955018792,301084
LT,2022,7395.0,9.504,548373,78.6,11936.0,9519.0,1.27,67436.5,0.8,203.46,79.4,13404.0,10762.0,16016.0,30.309,2831639,79.2,1510431,1321208,12.4,10.4,137.5716666666667,28.7,24.5,67.1,49.5,27.7,53.394119140066,292798
MT,2009,,9.715,96822,40.0,12043.0,10604.0,1.42,6259.6,37.5,87.9,77.5,12501.0,11237.0,2353.0,29.271,412477,84.2,207072,205405,12.0,8.4,89.95333333333333,,4.1,26.1,19.7,8.7,56.2999845206031,54510
MT,2010,,9.447,96835,41.6,11958.0,10529.0,1.36,6815.8,36.6,87.45,78.2,12370.0,11004.0,2596.0,29.495,414508,84.2,208204,206304,3.8,3.4,91.78916666666667,,2.4,28.1,20.7,8.7,56.3888019557375,54604
MT,2011,42.0,9.959,97431,43.8,12214.0,10860.0,1.45,6924.6,35.2,88.73,79.0,12710.0,11556.0,2562.0,29.691,416268,84.2,209218,207050,3.9,3.1,94.09583333333336,29.2,2.3,,,8.7,56.4552058228788,55004
MT,2012,441.0,9.902,98651,48.0,12743.0,11464.0,1.42,7364.5,31.4,94.13,79.4,13388.0,12124.0,2823.0,29.832,420028,84.2,210989,209039,4.3,3.3,97.1325,,3.5,32.1,24.7,8.7,56.5378734440893,55775
MT,2013,338.0,9.545,100368,51.7,13443.0,11977.0,1.36,7944.3,28.6,92.83,80.3,14219.0,12699.0,2578.0,30.012,425967,84.2,213509,212458,4.3,3.9,98.08333333333331,,2.1,36.7,25.8,14.3,56.6954327808471,56904
MT,2014,323.0,9.749,102501,54.3,14271.0,12713.0,1.38,8751.1,26.8,97.92,81.1,14951.0,13340.0,2871.0,30.144,434558,84.3,217047,217511,5.6,4.6,98.84,,2.7,,,12.9,56.9849487994002,58410
MT,2015,372.0,9.818,105010,55.3,15135.0,13428.0,1.37,9996.7,26.8,105.92,82.1,15762.0,14111.0,3002.0,30.283,445053,84.2,221611,223442,6.4,4.0,100.0025,,4.5,36.9,27.3,13.0,57.3165848410286,60188
MT,2016,371.0,9.908,107763,58.0,15499.0,13611.0,1.37,10541.1,25.5,111.12,83.5,15972.0,14097.0,3034.0,30.479,455356,84.2,226327,229030,8.1,5.5,100.9025,,4.5,38.3,30.7,13.0,57.7478551285908,62230
MT,2017,312.0,9.311,110570,60.6,16320.0,14358.0,1.26,11936.6,24.1,116.59,84.7,16882.0,14948.0,2934.0,30.548,467999,84.3,231868,236131,8.9,6.6,102.175,,8.4,37.7,32.4,14.5,58.3590555336675,64527
MT,2018,349.0,9.185,113528,63.2,16635.0,14661.0,1.23,13044.0,22.3,123.77,85.5,17208.0,15228.0,2831.0,30.649,484630,84.3,238413,246218,11.3,8.9,103.95416666666668,,9.6,44.8,36.0,14.5,59.1047126734406,67100
MT,2019,354.0,8.673,116578,63.9,17096.0,15100.0,1.14,14296.5,22.0,130.86,85.9,17740.0,15908.0,2674.0,30.658,504062,84.3,245263,258799,13.5,10.4,105.5375,,10.0,48.0,35.0,14.9,59.8589848598098,69782
MT,2020,269.0,8.841,119469,66.0,18940.0,16166.0,1.13,13351.5,18.9,133.01,84.9,19401.0,16684.0,1157.0,30.66,515332,84.2,248982,266351,31.3,21.7,106.36833333333334,,9.9,44.8,36.2,13.4,60.6709798724777,72483
MT,2021,320.0,8.942,122044,68.4,19717.0,16914.0,1.13,15323.5,17.6,138.99,86.0,20349.0,17445.0,2276.0,30.629,518536,84.3,250033,268503,38.3,24.7,106.88272727272728,,10.8,,,13.4,61.4422221118835,74986
MT,2022,502.0,9.115,122846,72.9,21228.0,17898.0,1.08,17432.3,13.3,147.24,86.2,21766.0,18498.0,2546.0,30.751,531511,84.3,254068,277444,34.8,25.4,113.68583333333332,,15.5,48.0,38.2,27.8,62.2240562447768,76439
NL,2009,30779.0,11.15,3867441,70.9,22868.0,20154.0,1.79,624842.0,13.3,112.1,84.2,23791.0,21113.0,72119.0,30.712,16530388,79.6,8350452,8179936,9.0,13.0,91.19666666666666,,15.0,41.6,35.2,39.6,60.2060090077298,2328431
NL,2010,33723.0,11.056,3855358,70.9,22709.0,20231.0,1.79,639187.0,12.1,111.02,83.0,23666.0,21373.0,75399.0,30.762,16615394,79.4,8391915,8223479,9.1,12.9,92.04583333333332,,14.9,43.5,37.1,38.7,59.637875877046,2299253
NL,2011,33755.0,10.765,3842254,71.5,22619.0,20175.0,1.76,650359.0,11.4,107.15,82.9,23488.0,21271.0,71572.0,30.833,16693074,79.3,8429897,8263177,9.3,13.4,94.32416666666668,30.1,17.8,,,39.1,59.1356268149998,2272140
NL,2012,34721.0,10.491,3829735,72.0,22807.0,20238.0,1.72,652966.0,10.8,99.79,82.8,23958.0,21736.0,70315.0,30.867,16754962,79.2,8459857,8295105,9.8,13.5,96.98833333333332,,21.5,45.0,37.7,37.5,58.5735299793968,2243210
NL,2013,33636.0,10.208,3819847,71.7,23097.0,20621.0,1.68,660463.0,9.9,95.42,81.6,24030.0,21701.0,64549.0,30.944,16804432,79.0,8483570,8320862,10.5,15.0,99.47333333333334,30.3,25.1,,,37.3,57.9801114866208,2214751
NL,2014,35409.0,10.383,3811408,70.8,23258.0,20777.0,1.71,671560.0,10.9,97.31,81.7,23771.0,21527.0,65333.0,31.049,16865008,78.9,8511386,8353622,11.7,14.9,99.79,30.4,24.9,,,36.9,57.3538270051196,2185988
NL,2015,34232.0,10.127,3806406,71.9,23818.0,21063.0,1.66,690008.0,10.6,101.54,82.5,24560.0,21926.0,64308.0,31.159,16939923,78.9,8544927,8394997,33.8,37.1,100.00166666666668,30.8,25.5,49.6,40.6,36.9,56.7367594736159,2159631
NL,2016,33414.0,10.159,3804502,72.7,25069.0,22189.0,1.66,708337.0,10.5,108.02,83.2,26066.0,23449.0,65249.0,31.274,17030314,78.9,8584195,8446119,34.7,36.7,100.10583333333334,31.1,27.5,50.2,40.3,36.9,56.1426578495536,2135948
NL,2017,32768.0,9.957,3802238,73.9,25858.0,22964.0,1.62,738146.0,9.9,117.66,83.8,27033.0,24296.0,64402.0,31.379,17131296,78.9,8630224,8501072,35.6,37.1,101.40083333333332,31.4,29.5,51.5,41.8,36.0,55.6336365887909,2115323
NL,2018,30729.0,9.809,3798853,75.2,26178.0,23179.0,1.59,773987.0,9.6,128.16,84.8,27669.0,24724.0,64315.0,31.46,17231624,78.9,8677560,8554064,36.2,37.6,103.02416666666666,31.6,30.7,52.5,42.8,33.8,55.1684241360096,2095767
NL,2019,30041.0,9.798,3790549,76.5,26773.0,23824.0,1.57,813055.0,8.9,136.54,85.4,28097.0,25308.0,63565.0,31.551,17344874,78.9,8730316,8614559,38.1,38.7,105.78083333333332,31.9,34.2,,,35.1,54.7458740399507,2075169
NL,2020,28965.0,9.942,3777938,76.6,28553.0,25139.0,1.54,796530.0,8.4,148.37,85.0,30170.0,26687.0,50233.0,31.531,17441500,78.9,8774217,8667284,41.3,41.8,106.9575,31.8,36.6,57.1,47.5,32.9,54.3670092072282,2053951
NL,2021,25962.0,10.316,3766738,77.5,29628.0,27347.0,1.62,870587.0,8.2,175.9,85.7,31067.0,28804.0,56419.0,31.51,17533044,79.0,8817042,8716002,50.2,50.5,109.94545454545457,32.0,38.1,,,37.8,54.0748395050402,2036857
NL,2022,23603.0,10.336,3753569,79.0,30747.0,28255.0,1.49,958549.0,7.9,185.89,86.9,32291.0,30092.0,70608.0,31.57,17700982,79.0,8903093,8797889,49.3,50.0,122.7775,32.9,41.6,60.6,52.3,36.0,53.8346814874357,2020721
NO,2009,10235.0,12.702,1123271,78.9,35677.0,33254.0,1.98,279533.4,4.0,71.49,82.9,38090.0,35325.0,24299.0,29.993,4828726,88.6,2417823,2410903,,,90.7,,41.6,53.5,35.4,38.5,55.2670086362529,620798
NO,2010,10224.0,12.449,1137076,78.2,34694.0,32303.0,1.95,325493.9,3.5,76.21,81.7,36317.0,34045.0,23313.0,30.092,4889252,88.7,2445452,2443801,,,92.81666666666666,,38.9,53.5,36.9,39.1,54.6994917303401,621974
NO,2011,10188.0,12.103,1151704,78.6,38705.0,36275.0,1.88,360552.4,3.6,83.05,82.2,40431.0,37752.0,22876.0,30.242,4953088,88.6,2473228,2479860,,,93.99166666666667,31.1,41.3,53.9,38.5,39.6,54.1360462082026,623487
NO,2012,9906.0,11.922,1166401,78.6,42429.0,40141.0,1.85,399069.2,3.6,88.73,82.2,44016.0,41455.0,24077.0,30.339,5018573,88.6,2501183,2517390,,,94.325,31.4,43.7,53.7,36.9,39.6,53.5278592072525,624349
NO,2013,10212.0,11.552,1179295,78.4,45163.0,42694.0,1.78,395856.8,3.5,89.76,81.9,47419.0,44716.0,23916.0,30.455,5079623,88.6,2528165,2551458,,,96.18333333333334,31.5,42.0,56.7,37.2,38.5,53.0018343537583,625047
NO,2014,9918.0,11.437,1189585,78.1,46519.0,43495.0,1.75,378456.4,4.0,94.88,82.1,48980.0,46033.0,23462.0,30.601,5137232,88.6,2554127,2583105,,,98.0,31.6,37.6,,,38.7,52.5766351477261,625443
NO,2015,9793.0,11.32,1197356,77.9,43707.0,40870.0,1.72,349756.7,3.5,100.12,81.4,46904.0,43665.0,23227.0,30.719,5188607,88.5,2577194,2611414,,,99.99166666666667,31.9,38.8,57.5,40.9,39.6,52.1707030631162,624669
NO,2016,9944.0,11.21,1202018,78.1,42210.0,38930.0,1.71,335396.5,2.6,111.61,80.7,45382.0,41718.0,23672.0,30.834,5234519,88.5,2598142,2636378,,,103.89166666666668,31.9,42.6,57.6,41.2,39.6,51.8301242962985,623007
NO,2017,10567.0,10.716,1204486,77.6,41469.0,37773.0,1.62,356288.5,3.0,112.23,80.6,44649.0,40541.0,23134.0,30.967,5276968,88.5,2618218,2658751,,,105.84166666666664,32.3,42.1,54.9,42.1,40.8,51.5518904069299,620935
NO,2018,10162.0,10.369,1205874,78.0,41979.0,38986.0,1.56,372657.6,3.9,116.16,81.9,43825.0,40885.0,22578.0,31.073,5311916,88.5,2635194,2676722,,,109.03333333333336,30.5,40.2,55.8,41.5,40.8,51.301297124378,618629
NO,2019,10227.0,10.194,1207614,78.3,42379.0,38856.0,1.53,365130.5,3.8,119.97,82.1,44245.0,41002.0,21410.0,31.238,5347896,88.5,2652079,2695818,,,111.50833333333333,33.1,40.2,57.3,39.8,40.8,51.047928451648,616461
NO,2020,9825.0,9.972,1207974,77.9,42774.0,39754.0,1.48,322823.8,3.4,128.54,81.3,45400.0,41912.0,17699.0,31.222,5379475,88.5,2666564,2712911,,,112.80833333333334,34.1,40.4,60.6,41.7,40.8,50.8451815230115,614196
NO,2021,,9.979,1206156,77.5,38561.0,35512.0,1.55,425445.6,4.8,138.48,82.3,41061.0,37488.0,,31.215,5408320,88.4,2680024,2728296,46.1,46.5,117.01818181818182,,41.5,,,45.0,50.6850159846839,611340
NO,2022,,9.96,1207890,78.0,43312.0,38463.0,1.41,565021.9,5.7,142.62,83.7,45880.0,40845.0,,31.292,5457127,88.4,2705726,2751401,42.3,46.4,124.46666666666664,,43.2,65.2,46.5,45.0,50.4882782714179,609842
PL,2009,65345.0,10.901,9642130,55.6,5979.0,5084.0,1.4,317040.6,14.3,,69.9,6194.0,5336.0,250794.0,28.573,38151603,79.0,19729769,18421834,13.5,10.8,90.26666666666668,,9.5,42.7,28.2,17.9,56.9301501297488,5489279
PL,2010,61300.0,10.949,9564425,55.6,5145.0,4399.0,1.41,359067.8,13.2,105.95,68.8,5268.0,4594.0,228337.0,28.734,38042794,79.2,19621825,18420969,14.1,11.6,92.65,,11.6,,,17.5,56.9630103600383,5448184
PL,2011,64594.0,10.358,9494948,55.8,5841.0,5025.0,1.33,377042.4,13.5,104.92,69.3,5978.0,5205.0,206471.0,28.855,38063255,79.4,19634757,18428498,13.9,11.6,96.25833333333333,26.2,11.8,47.3,31.1,22.0,57.0906353413042,5420726
PL,2012,64432.0,10.242,9432027,56.2,5891.0,5072.0,1.33,385389.4,13.5,100.29,69.7,6091.0,5280.0,203850.0,28.905,38063164,79.9,19636469,18426695,13.8,11.5,99.8,26.3,11.8,49.9,32.1,22.0,57.2116046871374,5396214
PL,2013,66132.0,9.853,9365791,56.3,6008.0,5206.0,1.29,388356.4,13.7,97.49,70.0,6157.0,5363.0,180396.0,28.958,38040196,80.3,19625167,18415029,13.9,11.8,100.61666666666667,26.6,12.3,51.1,32.9,22.3,57.3638348218678,5372576
PL,2014,65761.0,9.997,9296953,58.2,6193.0,5354.0,1.32,406412.5,13.6,98.89,71.8,6336.0,5509.0,188488.0,29.092,38011735,80.7,19611172,18400564,14.2,12.3,100.7,26.7,14.6,,,21.5,57.5725066737033,5352488
PL,2015,67296.0,9.832,9232759,59.9,6380.0,5573.0,1.32,429834.6,13.0,99.88,72.9,6519.0,5728.0,188832.0,29.188,37986412,81.0,19599310,18387102,16.4,15.3,100.0,26.9,19.4,52.8,34.0,24.6,57.7929444964759,5335883
PL,2016,63497.0,10.126,9173407,61.5,6639.0,5853.0,1.39,424735.3,13.4,103.86,74.9,6810.0,6108.0,193455.0,29.308,37970087,81.1,19592648,18377439,15.2,14.3,99.80833333333334,27.1,18.8,53.6,33.9,25.5,58.0110765430881,5321592
PL,2017,65257.0,10.577,9114170,63.0,6754.0,5898.0,1.48,465772.6,14.0,107.86,77.0,6904.0,6102.0,192576.0,29.468,37974826,81.2,19595758,18379068,14.0,13.3,101.425,27.3,20.1,53.8,33.8,25.9,58.2352776190073,5307662
PL,2018,62843.0,10.366,9050659,64.5,7250.0,6469.0,1.46,499004.1,13.8,116.11,78.3,7465.0,6754.0,192443.0,29.583,37974750,81.3,19594412,18380338,14.4,13.6,102.61666666666667,27.4,21.0,53.7,33.8,26.1,58.4404817901637,5289248
PL,2019,65341.0,9.937,8984324,65.3,7891.0,7010.0,1.44,532504.7,14.6,127.06,79.9,8168.0,7307.0,183371.0,29.645,37965475,81.4,19588597,18376879,15.0,14.1,104.80833333333334,27.7,23.5,54.5,35.1,27.9,58.6211658464279,5266715
PL,2020,51164.0,9.705,8916563,65.4,8699.0,7811.0,1.39,526147.2,14.8,138.42,80.2,9105.0,8225.0,145045.0,29.638,37899070,81.4,19558635,18340435,20.7,16.5,108.64166666666668,,22.8,53.8,34.1,27.7,58.7441982934603,5237963
PL,2021,60687.0,9.488,8847249,68.5,9008.0,8151.0,1.33,576382.6,13.9,155.15,82.4,9343.0,8457.0,168324.0,29.63,37747124,81.5,19488234,18258891,17.0,14.1,114.22727272727272,,24.7,,,27.5,58.7695316256383,5199486
PL,2022,60162.0,9.27,9469347,70.3,9862.0,8891.0,1.29,656152.9,12.9,169.64,83.2,10173.0,9212.0,155817.0,29.722,37203992,81.5,19212156,17991836,13.2,11.6,129.40833333333333,,24.2,51.3,32.6,27.5,58.7083875777835,5559300
PT,2009,26464.0,9.424,2551896,62.3,10386.0,8266.0,1.34,175416.4,10.8,107.13,73.1,10816.0,8665.0,40391.0,29.646,10568247,82.7,5503255,5064992,4.7,5.1,91.945,,3.7,29.0,18.0,29.6,59.2227017133972,1511301
PT,2010,27903.0,9.532,2533610,62.1,10584.0,8649.0,1.39,179610.8,9.9,106.21,72.0,10907.0,9093.0,39993.0,29.812,10573100,82.3,5514456,5058644,4.6,4.9,93.22416666666668,,5.4,32.1,18.7,30.4,58.8739406726367,1491636
PT,2011,26750.0,9.13,2508705,62.4,10474.0,8452.0,1.35,176096.2,8.8,98.25,71.2,10820.0,8778.0,36035.0,30.062,10557560,81.9,5515570,5041990,10.8,9.9,96.5375,28.0,5.9,,,29.1,58.4678230992686,1466785
PT,2012,25380.0,8.536,2475858,60.8,10309.0,8348.0,1.28,168295.6,6.7,94.31,67.5,10633.0,8603.0,34423.0,30.17,10514844,81.5,5501777,5013067,13.4,12.1,99.2175,28.4,7.4,34.2,23.5,29.1,57.9861537046087,1435654
PT,2013,22525.0,7.925,2439280,60.5,10029.0,8220.0,1.21,170492.3,6.1,94.89,66.6,10293.0,8478.0,31998.0,30.39,10457295,81.1,5480437,4976859,14.5,13.5,99.65416666666664,,8.8,37.4,22.3,31.3,57.5431200951626,1403637
PT,2014,21988.0,7.913,2404757,62.9,9851.0,8200.0,1.23,173053.7,6.6,96.98,69.5,10296.0,8524.0,31478.0,30.649,10401062,80.8,5460219,4940843,14.4,14.3,99.495,29.8,9.5,,,31.3,57.0594096992059,1372140
PT,2015,23377.0,8.222,2374969,64.8,9946.0,8365.0,1.31,179713.2,6.4,101.84,71.2,10395.0,8676.0,32393.0,30.895,10358076,80.6,5445489,4912588,14.5,13.8,100.0,30.2,13.5,40.6,25.4,34.3,56.4851107267247,1341503
PT,2016,22340.0,8.403,2345672,66.4,10530.0,8703.0,1.36,186489.8,6.5,109.57,72.9,10984.0,9064.0,32399.0,31.09,10325452,80.5,5433469,4891983,14.3,14.5,100.63583333333334,30.4,14.3,42.9,26.9,34.3,55.8790853595798,1310740
PT,2017,21577.0,8.35,2318007,69.0,10817.0,8968.0,1.38,195947.2,7.2,121.06,76.2,11246.0,9331.0,33634.0,31.192,10300300,80.4,5425226,4875074,13.9,14.4,102.20166666666668,30.7,16.2,42.3,25.6,35.2,55.3980017324654,1284129
PT,2018,20345.0,8.411,2297398,71.5,11005.0,9249.0,1.42,205184.1,6.6,132.34,78.1,11396.0,9600.0,34637.0,31.331,10283822,80.4,5423793,4860029,14.9,14.5,103.395,31.1,21.6,44.3,25.7,36.4,54.9079703908931,1261454
PT,2019,20421.0,8.321,2282188,72.2,11741.0,9985.0,1.43,214374.6,6.9,146.07,79.1,12093.0,10266.0,33272.0,31.392,10286263,80.5,5430092,4856172,15.6,15.5,103.705,31.5,24.6,45.1,29.5,40.4,54.419159966964,1241947
PT,2020,17295.0,8.07,2268909,71.4,12612.0,10712.0,1.41,200518.9,5.7,157.69,77.1,13022.0,11060.0,18902.0,31.379,10297081,80.4,5437718,4859363,23.1,21.5,103.57916666666668,32.3,26.6,48.4,33.8,39.5,53.9615013229548,1224337
PT,2021,17279.0,7.833,2250511,72.4,12987.0,10971.0,1.35,216053.2,6.3,175.96,78.7,13429.0,11300.0,29057.0,31.362,10361831,80.4,5433037,4928794,26.7,23.6,104.48727272727272,,31.0,,,40.9,53.5067221153285,1204174
PT,2022,18464.0,7.796,2223181,74.3,13173.0,11038.0,1.43,242340.8,5.9,195.91,80.2,13538.0,11207.0,36952.0,31.501,10409704,80.4,5447248,4962456,19.0,17.6,113.02583333333332,,33.3,50.0,34.9,35.7,53.0166784746134,1178656
RO,2009,32341.0,11.863,4992677,45.2,2577.0,2213.0,1.66,125213.9,17.5,130.93,62.7,2672.0,2315.0,134275.0,26.884,20367487,77.8,10451346,9916141,0.6,0.4,82.70333333333333,,11.7,21.7,17.5,9.8,59.9197502999753,2991599
RO,2010,32632.0,11.114,4898675,47.6,2428.0,2083.0,1.59,128278.9,17.5,114.77,65.1,2485.0,2143.0,115778.0,27.038,20246871,77.9,10390192,9856679,0.5,0.3,87.72583333333334,,21.3,,,9.8,59.8252337480697,2930643
RO,2011,35780.0,10.136,4831085,47.7,2455.0,2140.0,1.47,138520.7,16.7,98.75,64.4,2533.0,2247.0,105599.0,27.16,20147528,78.0,10342500,9805028,0.9,0.6,92.83833333333332,25.8,10.4,23.9,21.2,9.6,59.7236181132418,2885298
RO,2012,31324.0,10.212,4797598,48.2,2415.0,2093.0,1.52,139319.8,17.2,97.71,65.4,2485.0,2200.0,107760.0,27.259,20058035,78.1,10288742,9769294,0.9,0.6,95.97916666666669,,11.9,25.6,21.6,9.9,59.4878558758675,2853988
RO,2013,28507.0,9.707,4781094,48.2,2386.0,2071.0,1.46,142928.9,17.2,97.59,65.4,2444.0,2166.0,107507.0,27.425,19983693,78.1,10229927,9753766,0.7,0.5,99.04416666666668,26.3,7.8,26.8,22.1,11.7,59.2708274749116,2833793
RO,2014,27188.0,10.179,4769709,49.2,2497.0,2205.0,1.56,150522.4,17.5,97.62,66.7,2602.0,2325.0,118075.0,27.555,19908979,78.2,10182416,9726563,0.8,0.5,100.41416666666667,26.7,11.0,,,11.9,59.0196048547765,2815063
RO,2015,31527.0,10.453,4749191,50.3,2735.0,2336.0,1.62,160287.8,17.7,100.36,68.0,2864.0,2483.0,125454.0,27.665,19815616,78.3,10137213,9678404,0.9,0.7,99.99916666666668,26.8,11.8,28.3,22.9,12.1,58.8259047440308,2793754
RO,2016,30497.0,10.782,4710327,51.4,2778.0,2465.0,1.69,167494.3,17.7,107.7,69.1,2894.0,2612.0,133183.0,27.798,19702267,78.4,10076361,9625907,0.9,0.7,98.925,27.0,10.1,27.4,22.4,12.0,58.6514275250904,2762674
RO,2017,31147.0,11.021,4630111,54.0,3075.0,2735.0,1.78,186399.0,17.3,113.75,71.3,3200.0,2945.0,142613.0,27.907,19588715,78.3,10010242,9578474,0.7,0.5,100.00333333333332,27.5,11.0,28.8,22.5,19.1,58.424012528133,2705096
RO,2018,30857.0,10.726,4510234,54.5,3829.0,3283.0,1.76,206071.9,18.5,119.83,73.0,4017.0,3564.0,143292.0,28.001,19473970,78.4,9946311,9527659,1.0,0.6,104.08,28.4,11.0,28.2,21.8,19.6,58.0028094521589,2616062
RO,2019,30197.0,10.438,4403472,55.4,4412.0,3815.0,1.77,224178.6,19.2,125.49,74.6,4632.0,4117.0,128610.0,28.106,19371648,78.5,9891093,9480556,1.6,1.2,108.15083333333332,28.3,12.6,29.2,22.2,19.8,57.5000538931449,2531998
RO,2020,22785.0,10.238,4330302,55.4,4875.0,4242.0,1.8,220486.6,19.3,127.97,74.7,5042.0,4531.0,81343.0,28.11,19265250,78.7,9841125,9424126,4.5,2.2,110.66833333333334,,12.8,28.3,21.7,20.0,57.0723398412813,2471404
RO,2021,,10.105,4273363,56.9,5484.0,4805.0,1.81,241611.3,20.1,137.51,77.0,5568.0,5002.0,114207.0,28.126,19122059,78.7,9808358,9313701,8.8,5.1,115.10909090909092,,17.5,,,20.0,56.5959176706174,2418549
RO,2022,23289.0,9.988,4414761,59.1,6197.0,5563.0,1.71,284173.6,18.6,146.83,77.7,6340.0,5719.0,118300.0,28.235,19048502,78.8,9796616,9251886,5.2,3.6,129.05916666666667,,17.7,28.4,21.2,20.0,56.0995262401208,2476660
SK,2009,12671.0,11.327,1395571,62.4,6253.0,5572.0,1.44,64095.5,11.8,98.09,74.2,6593.0,5961.0,26356.0,28.481,5386406,84.1,2765464,2620942,8.8,6.6,91.05333333333331,,18.2,23.8,17.5,18.0,53.6993884740967,749413
SK,2010,12015.0,11.228,1386056,61.6,6765.0,6085.0,1.43,68764.9,9.9,96.36,71.5,7120.0,6383.0,25415.0,28.647,5391428,84.1,2767069,2624360,7.5,7.0,91.68583333333332,,21.6,29.8,18.5,16.0,53.4255386913937,740507
SK,2011,11102.0,11.204,1374675,61.6,6973.0,6278.0,1.45,71785.8,10.5,94.15,72.1,7304.0,6565.0,25621.0,28.824,5398384,84.1,2769922,2628463,9.0,7.4,95.4275,,14.6,,,16.0,53.2034481866955,731374
SK,2012,10948.0,10.384,1364306,61.5,7557.0,6864.0,1.34,73649.3,10.9,91.45,72.4,7900.0,7277.0,26006.0,28.829,5407579,84.1,2773714,2633866,9.9,8.0,98.99833333333332,27.6,13.8,32.8,21.5,18.7,52.9787024930813,722791
SK,2013,10946.0,10.225,1353714,62.0,7301.0,6738.0,1.34,74492.8,9.8,93.46,71.8,7607.0,7084.0,25491.0,28.871,5413393,84.1,2775873,2637520,9.1,8.0,100.4475,27.8,24.0,35.4,24.2,18.7,52.7505247440367,714091
SK,2014,10514.0,10.233,1341262,62.9,7519.0,6856.0,1.37,76354.5,9.8,96.67,72.7,7850.0,7136.0,26737.0,28.908,5418649,84.1,2777955,2640694,9.5,8.7,100.345,28.1,18.2,,,20.0,52.4972226497423,704125
SK,2015,9786.0,10.282,1329178,64.6,7391.0,6999.0,1.4,80126.0,9.9,101.34,74.5,7650.0,7248.0,28775.0,28.871,5423801,84.1,2779596,2644205,9.5,8.3,100.0,28.2,12.7,39.6,23.5,20.0,52.2060589201616,693911
SK,2016,9286.0,10.589,1317271,67.2,7466.0,7040.0,1.48,81265.2,9.2,109.75,76.4,7781.0,7295.0,29897.0,28.809,5430798,84.1,2781915,2648883,9.3,7.5,99.51833333333332,28.3,12.5,41.4,25.7,20.5,51.9121612184401,683823
SK,2017,9618.0,10.647,1305854,69.4,7593.0,7240.0,1.52,84669.9,7.6,116.16,77.0,7794.0,7467.0,31309.0,28.796,5439232,84.1,2785133,2654099,8.9,8.0,100.9025,28.6,15.1,43.3,27.2,21.3,51.6785850905774,674846
SK,2018,9560.0,10.575,1295612,70.3,7967.0,7659.0,1.54,89874.7,8.5,124.06,78.8,8199.0,7955.0,31177.0,28.83,5446771,84.2,2787975,2658796,9.2,8.9,103.45833333333331,28.7,24.1,44.8,30.0,20.7,51.4292026997518,666322
SK,2019,9466.0,10.459,1285435,71.7,8589.0,8142.0,1.57,94429.7,7.7,137.56,79.4,8929.0,8588.0,29664.0,28.83,5454147,84.2,2790934,2663214,9.7,9.3,106.32583333333334,28.7,29.1,47.7,31.0,20.7,51.1609376210621,657640
SK,2020,8295.0,10.216,1275500,70.9,9107.0,8797.0,1.59,93449.7,7.3,147.53,78.2,9361.0,9079.0,23753.0,28.796,5458827,84.2,2792909,2665918,12.8,10.5,108.46750000000002,28.8,31.4,49.2,29.3,22.7,50.7760223010287,647648
SK,2021,,9.979,1265363,70.4,8911.0,8624.0,1.63,100244.5,8.5,163.28,78.9,9170.0,8894.0,26350.0,28.792,5447247,84.3,2785052,2662195,16.1,14.1,111.40818181818182,28.9,27.7,,,21.3,50.2602998371092,635975
SK,2022,8180.0,9.825,1340558,72.6,9282.0,8983.0,1.57,109762.0,8.1,179.18,80.7,9486.0,9244.0,29172.0,28.852,5431752,84.3,2775254,2656499,12.8,13.3,125.05,29.2,30.3,50.7,27.9,22.0,49.7688842211033,667180
SI,2009,2297.0,10.903,490788,67.6,12617.0,11732.0,1.53,36254.9,7.4,116.97,75.0,13108.0,12274.0,6542.0,29.936,2039669,84.2,1030643,1009026,15.0,10.8,91.96833333333332,,10.0,39.5,21.9,11.5,49.6059002921952,243459
SI,2010,2430.0,11.061,487094,66.0,12549.0,11579.0,1.57,36363.9,7.1,116.8,73.1,12968.0,12012.0,6528.0,30.024,2048583,84.2,1034248,1014335,17.0,13.5,93.85916666666668,,9.8,40.3,22.7,11.7,49.1840393009976,239572
SI,2011,2298.0,10.865,482065,64.4,12785.0,11860.0,1.56,37058.6,6.7,118.4,71.1,13225.0,12373.0,6671.0,30.078,2052843,84.2,1037196,1015647,16.9,14.2,95.80833333333334,29.4,14.2,44.4,23.8,12.3,48.7987271846462,235241
SI,2012,2509.0,10.781,476104,64.2,12877.0,11858.0,1.58,36253.3,6.9,107.95,71.1,13211.0,12373.0,7057.0,30.071,2057159,84.2,1039263,1017896,17.7,13.9,98.5,29.4,18.7,45.6,25.4,26.9,48.7834764111557,232260
SI,2013,2351.0,10.399,470073,62.6,12519.0,11636.0,1.55,36454.3,8.0,103.22,70.6,12959.0,12086.0,6254.0,30.083,2059953,84.3,1039986,1019968,19.2,15.5,100.40083333333332,29.6,21.6,47.0,28.2,25.4,48.7778931540027,229291
SI,2014,2469.0,10.384,463836,63.2,12635.0,11686.0,1.58,37634.3,7.8,98.69,71.0,13168.0,12187.0,6571.0,30.148,2061980,84.3,1040428,1021552,20.4,16.5,100.76833333333332,29.7,19.9,,,28.7,48.7582562133548,226158
SI,2015,2432.0,10.19,457905,64.2,12935.0,12090.0,1.57,38852.6,8.5,98.74,72.7,13557.0,12591.0,6449.0,30.206,2063531,84.3,1040750,1022781,20.2,17.4,99.99916666666668,30.0,21.5,52.7,30.3,26.2,48.6885411760109,222947
SI,2016,2531.0,10.016,452333,66.2,12889.0,12025.0,1.58,40443.2,6.5,105.54,72.7,13481.0,12639.0,6667.0,30.296,2065042,84.3,1040813,1024229,19.1,16.2,99.84583333333336,30.3,24.8,54.9,31.9,26.9,48.5097938771788,219425
SI,2017,2387.0,9.947,446938,69.3,13332.0,12492.0,1.62,43011.3,6.9,115.96,76.2,13902.0,12986.0,6481.0,30.292,2066388,84.3,1040305,1026083,20.6,16.2,101.4,30.4,22.6,56.3,33.1,26.9,48.3187055887247,215954
SI,2018,2347.0,9.625,442143,71.2,13906.0,12987.0,1.6,45876.3,7.1,125.55,78.3,14398.0,13463.0,7256.0,30.338,2073894,84.3,1041046,1032849,19.6,16.5,103.36083333333332,31.2,27.9,53.1,29.8,22.3,48.0871900487928,212614
SI,2019,2476.0,9.419,438217,72.5,14983.0,13778.0,1.61,48582.3,6.5,131.62,79.0,15556.0,14415.0,6672.0,30.404,2088385,84.3,1043524,1044861,19.5,16.4,105.11,31.2,24.6,55.0,34.3,22.1,47.8878824115029,209852
SI,2020,1774.0,9.05,434864,71.7,15599.0,14454.0,1.59,47044.9,5.9,138.43,77.6,16209.0,15192.0,5214.0,30.373,2102419,84.4,1046917,1055502,21.4,18.8,104.82083333333333,31.1,22.9,56.6,35.8,21.2,47.577682570594,206898
SI,2021,,9.044,431982,72.6,16428.0,15146.0,1.64,52278.8,6.7,160.26,79.3,16867.0,15635.0,5916.0,30.36,2108079,84.4,1049262,1058817,25.3,21.0,106.89818181818184,31.4,19.4,,,22.1,47.2531628705696,204125
SI,2022,2149.0,8.89,429018,74.3,17527.0,16242.0,1.55,57037.7,6.9,178.83,81.2,18020.0,16876.0,6768.0,30.414,2112076,84.4,1051593,1060483,23.7,21.0,116.9375,31.8,23.1,60.2,36.4,29.5,46.8193299931277,200863
ES,2009,98207.0,10.662,11582137,56.8,17044.0,14761.0,1.38,1069323.0,14.2,135.78,71.0,17858.0,15633.0,172357.0,31.014,46362946,79.7,23431543,22931403,5.6,6.0,92.19166666666666,,9.6,45.1,34.1,33.8,58.3522442936998,6758436
ES,2010,102690.0,10.454,11501847,56.3,17138.0,14820.0,1.37,1072709.0,12.9,133.86,69.2,17579.0,15265.0,165641.0,31.184,46576897,79.4,23561021,23015876,6.2,6.2,94.075,,9.5,46.4,34.5,34.6,58.5280922624887,6731811
ES,2011,103290.0,10.113,11406353,56.1,16362.0,13944.0,1.34,1063763.0,11.6,116.8,67.7,16852.0,14535.0,158220.0,31.41,46742697,79.1,23668451,23074246,6.2,7.0,96.94416666666666,31.3,11.1,45.7,35.2,28.7,58.6633562195541,6691349
ES,2012,104262.0,9.729,11277800,54.6,16247.0,14032.0,1.32,1031104.0,10.0,101.91,64.6,16651.0,14378.0,163173.0,31.547,46773055,78.7,23714669,23058386,6.7,7.6,99.30583333333334,31.6,12.3,46.0,34.9,37.2,58.3034632344021,6575347
ES,2013,95427.0,9.162,11088497,53.8,15878.0,13683.0,1.27,1020677.0,9.6,95.5,63.4,16215.0,14070.0,154470.0,31.665,46620045,78.3,23672434,22947611,7.3,7.5,100.825,32.2,14.8,46.5,35.7,37.2,57.8971704465257,6419926
ES,2014,100746.0,9.158,10891980,54.8,15557.0,13355.0,1.32,1032608.0,10.2,97.18,65.0,15983.0,13828.0,160256.0,31.774,46480882,77.9,23628879,22852004,6.3,7.2,100.63333333333333,32.3,16.9,,,37.7,57.440327332193,6256388
ES,2015,96562.0,8.998,10735880,56.4,15556.0,13397.0,1.33,1078092.0,11.2,101.31,67.6,15895.0,13806.0,166651.0,31.89,46444832,77.4,23627827,22817005,5.8,7.0,100.0,32.7,18.7,47.0,34.9,39.9,56.8409532386337,6102376
ES,2016,96824.0,8.769,10616835,58.1,15967.0,13758.0,1.34,1114420.0,11.5,105.78,69.6,16291.0,14128.0,173049.0,31.983,46484062,76.9,23663031,22821031,5.9,6.8,99.66333333333334,33.0,20.3,47.0,35.0,38.3,56.1697607224979,5963450
ES,2017,97960.0,8.368,10528104,59.6,16495.0,14130.0,1.31,1162492.0,11.9,113.39,71.5,16863.0,14829.0,171320.0,32.069,46593236,76.6,23734996,22858240,6.6,7.9,101.6925,33.2,22.0,48.8,36.5,38.8,55.4228097103073,5834971
ES,2018,95254.0,7.889,10486718,61.0,16884.0,14680.0,1.26,1203859.0,12.1,120.97,73.1,17441.0,15286.0,165527.0,32.17,46797754,76.4,23852183,22945571,6.8,8.0,103.4575,33.5,23.7,50.1,38.4,39.5,54.5812095873535,5723777
ES,2019,91645.0,7.563,10496669,62.1,17377.0,14994.0,1.23,1245513.0,11.9,125.44,74.0,17768.0,15516.0,165177.0,32.212,47134837,76.2,24030551,23104286,7.7,8.8,104.26416666666668,33.9,26.4,52.4,40.6,41.9,53.6407376798499,5630490
ES,2020,77200.0,7.449,10482917,60.0,18187.0,16109.0,1.19,1119010.0,11.4,127.55,71.4,18840.0,16721.0,90275.0,32.175,47365655,76.1,24152357,23213298,16.1,14.3,103.9125,34.9,29.3,53.5,41.3,42.2,52.6499918871064,5519254
ES,2021,86851.0,7.553,10442141,62.1,18234.0,15998.0,1.19,1222290.0,10.8,135.58,72.9,18730.0,16547.0,147673.0,32.13,47415794,76.1,24183577,23232217,15.9,14.8,106.96272727272726,34.7,32.6,,,41.1,51.7704599573579,5405944
ES,2022,81302.0,7.497,10366051,63.7,19153.0,16798.0,1.16,1346377.0,11.2,142.99,74.9,19947.0,17594.0,178624.0,32.13,47759127,76.1,24357755,23401373,14.3,13.2,115.94666666666669,34.7,35.7,56.8,43.7,41.0,50.8315410729266,5269223
SE,2009,22211.0,11.965,2102350,74.9,21982.0,20173.0,1.94,314637.5,5.5,71.38,80.4,22884.0,21438.0,47259.0,30.672,9298515,78.7,4672153,4626362,17.0,22.1,94.62666666666668,,26.8,48.4,36.6,46.4,55.8493864966495,1174149
SE,2010,23593.0,12.227,2119029,74.2,19889.0,18511.0,1.98,374695.2,6.5,75.65,80.7,20919.0,19823.0,50028.0,30.735,9378126,78.7,4708497,4669629,19.2,24.2,96.43083333333334,,26.4,48.9,35.9,45.6,55.5267048776017,1176626
SE,2011,23389.0,11.808,2133250,75.7,22776.0,20982.0,1.9,412844.7,6.1,74.67,81.8,24012.0,22644.0,46922.0,30.803,9449213,78.7,4740674,4708539,20.6,26.6,97.74666666666668,33.0,24.7,50.2,35.8,45.0,55.38550078663,1181511
SE,2012,23422.0,11.833,2144759,76.1,25261.0,23429.0,1.91,430037.1,5.5,77.53,81.6,26344.0,24892.0,50044.0,30.844,9519374,78.7,4773005,4746370,23.4,27.9,98.66333333333334,33.3,25.5,50.2,37.2,43.6,55.2916176482272,1185871
SE,2013,26933.0,11.758,2153661,76.4,26917.0,24968.0,1.89,441850.7,5.5,82.78,81.9,28142.0,26384.0,51610.0,30.895,9600379,78.6,4810248,4790131,25.5,30.6,99.09833333333334,33.0,26.5,51.7,38.4,44.4,55.2470109851466,1189833
SE,2014,26143.0,11.818,2159385,76.9,27995.0,25616.0,1.88,438833.9,4.9,91.39,81.8,28943.0,27032.0,53113.0,30.936,9696110,78.6,4852811,4843299,25.4,31.3,99.3025,33.3,27.6,,,43.6,55.2193095466533,1192397
SE,2015,24876.0,11.731,2163755,77.6,27118.0,24777.0,1.85,455494.7,4.6,104.3,82.2,28222.0,26128.0,52314.0,30.955,9799186,78.5,4897583,4901603,24.9,30.0,100.0,33.6,32.6,54.5,38.9,43.6,55.1654065174944,1193644
SE,2016,24258.0,11.808,2169171,78.4,27345.0,24718.0,1.85,466266.5,4.3,111.06,82.7,28479.0,26182.0,53817.0,31.025,9923085,78.4,4950929,4972157,29.5,32.3,101.13583333333332,33.8,36.9,55.4,39.5,45.8,55.0953927041628,1195113
SE,2017,24210.0,11.485,2176604,79.0,27875.0,25071.0,1.78,480025.5,4.4,114.13,83.4,28828.0,26474.0,52497.0,31.083,10057698,78.4,5009693,5048005,31.1,33.8,103.02333333333333,33.8,35.9,54.8,40.4,46.1,54.9792028790678,1196679
SE,2018,24958.0,11.358,2188058,79.4,27790.0,25320.0,1.76,470673.1,4.7,114.96,84.1,28865.0,26591.0,50796.0,31.097,10175214,78.4,5062664,5112550,31.8,34.4,105.12083333333334,34.0,36.1,,,46.7,54.7876047251062,1198784
SE,2019,25407.0,11.158,2203510,78.9,26366.0,24223.0,1.71,476869.5,5.1,118.73,84.0,27866.0,25705.0,48481.0,31.207,10278887,78.4,5109761,5169126,32.8,36.5,106.93,34.1,37.5,56.3,41.0,47.6,54.5681273621868,1202414
SE,2020,25619.0,10.88,2220415,77.4,26358.0,24306.0,1.67,480556.4,5.4,124.99,82.8,28157.0,25937.0,37591.0,31.187,10353442,78.5,5144112,5209331,,,107.6325,34.8,38.0,58.3,40.6,49.6,54.32068896755,1206144
SE,2021,,10.868,2237183,77.7,27732.0,25176.0,1.67,540734.0,5.4,138.62,83.1,28601.0,26620.0,38895.0,31.176,10415811,78.5,5174034,5241777,46.5,46.3,110.41363636363636,33.7,37.9,,,47.6,54.0465557972891,1209120
SE,2022,21531.0,10.835,2250192,79.1,28807.0,26199.0,1.53,561785.1,5.7,133.49,84.8,30307.0,28056.0,47883.0,31.213,10486941,78.5,5207426,5279516,43.9,41.1,119.39333333333332,34.5,35.2,61.0,44.3,46.4,53.7038403851875,1208439
